UniProt_ID,Mutation,Tm,Î”Tm
A0A060GYS1,H22R,88.0,9.9
A0A060GYS1,P224R,84.3,2.3
A0A410ZNC6,A341S,33.6,3.6
A0A410ZNC6,F184L,31.0,1.0
A0A410ZNC6,P250L,34.5,4.5
A0A410ZNC6,V126A,35.8,5.8
A0A7H0P088,E67A,78.0,4.0
A0A7H0P088,E67A,80.0,-3.0
A0A7H0P088,H118A,56.0,-18.0
A0A7H0P088,H118A,60.0,-23.0
A0A7H0P088,H151A,60.0,-14.0
A0A7H0P088,H151A,62.0,-21.0
A0A7H0P088,H65A,73.0,-1.0
A0A7H0P088,H65A,80.0,-3.0
A5H7H0,D119K,40.24,0.25
A5H7H0,D210A,37.82,-2.17
A5H7H0,D210S,38.74,-1.25
A5H7H0,H116A,40.39,0.4
A5H7H0,H116S,39.92,-0.07
A5H7H0,V170R,37.73,-2.26
B8YLY0,M165E,72.9,1.7
B8YLY0,M168P,74.1,2.9
B8YLY0,N277D,56.6,2.0
B8YLY0,N277L,42.6,-12.0
B8YLY0,N277V,41.1,-13.5
B8YLY0,S194P,72.2,1.0
D0WVP7,L261Q,49.1,-10.6
D0WVP7,L272P,55.9,-3.8
D0WVP7,L272R,51.8,-7.9
D4Z2G1,A129V,50.0,-1.0
D4Z2G1,A133V,51.0,0.0
D4Z2G1,A153K,61.0,10.0
D4Z2G1,A185P,50.5,-0.5
D4Z2G1,A189F,51.5,0.5
D4Z2G1,A189Y,51.5,0.5
D4Z2G1,A197P,52.5,1.5
D4Z2G1,A200P,50.5,-0.5
D4Z2G1,A214G,51.5,0.5
D4Z2G1,A218P,51.5,0.5
D4Z2G1,A247F,67.5,16.5
D4Z2G1,A269P,50.0,-1.0
D4Z2G1,A271I,60.5,9.5
D4Z2G1,A271V,62.0,11.0
D4Z2G1,A296H,50.0,-1.0
D4Z2G1,A296R,50.5,-0.5
D4Z2G1,A53L,52.0,1.0
D4Z2G1,A5E,51.5,0.5
D4Z2G1,A5L,50.0,-1.0
D4Z2G1,A81E,48.0,-3.0
D4Z2G1,A81K,52.0,1.0
D4Z2G1,A81P,48.0,-3.0
D4Z2G1,A83L,51.5,0.5
D4Z2G1,A83N,50.0,-1.0
D4Z2G1,A95H,50.5,-0.5
D4Z2G1,C257A,48.5,-2.5
D4Z2G1,C61P,50.5,-0.5
D4Z2G1,D147H,59.5,8.5
D4Z2G1,D147L,65.0,14.0
D4Z2G1,D147M,66.0,15.0
D4Z2G1,D147Y,65.0,14.0
D4Z2G1,D149K,67.5,16.5
D4Z2G1,D149Q,62.0,11.0
D4Z2G1,D166K,53.5,2.5
D4Z2G1,D166N,53.0,2.0
D4Z2G1,D219Q,50.0,-1.0
D4Z2G1,D226K,50.5,-0.5
D4Z2G1,D255A,51.5,0.5
D4Z2G1,D255K,50.5,-0.5
D4Z2G1,D255Q,50.5,-0.5
D4Z2G1,D30V,49.0,-2.0
D4Z2G1,D68H,52.0,1.0
D4Z2G1,D68L,49.5,-1.5
D4Z2G1,D68N,50.5,-0.5
D4Z2G1,D87K,50.0,-1.0
D4Z2G1,D87L,51.5,0.5
D4Z2G1,D97K,50.5,-0.5
D4Z2G1,D97N,50.0,-1.0
D4Z2G1,E139H,61.5,10.5
D4Z2G1,E139K,58.5,7.5
D4Z2G1,E139Q,58.5,7.5
D4Z2G1,E139T,60.5,9.5
D4Z2G1,E15T,52.0,1.0
D4Z2G1,E192K,54.0,3.0
D4Z2G1,E192L,51.5,0.5
D4Z2G1,E192R,53.5,2.5
D4Z2G1,E233H,51.5,0.5
D4Z2G1,E233Q,51.5,0.5
D4Z2G1,E233S,51.5,0.5
D4Z2G1,E233T,51.5,0.5
D4Z2G1,E244I,50.0,-1.0
D4Z2G1,E244T,50.5,-0.5
D4Z2G1,E244V,50.5,-0.5
D4Z2G1,E26H,50.0,-1.0
D4Z2G1,E26R,50.0,-1.0
D4Z2G1,E78H,51.0,0.0
D4Z2G1,E78T,50.5,-0.5
D4Z2G1,F169V,64.0,13.0
D4Z2G1,G114A,49.5,-1.5
D4Z2G1,G176A,51.5,0.5
D4Z2G1,G229A,51.5,0.5
D4Z2G1,G229D,51.5,0.5
D4Z2G1,G229E,51.5,0.5
D4Z2G1,G229H,52.0,1.0
D4Z2G1,G229N,51.5,0.5
D4Z2G1,G229Q,54.0,3.0
D4Z2G1,G229R,51.5,0.5
D4Z2G1,G229S,52.0,1.0
D4Z2G1,G229T,51.5,0.5
D4Z2G1,L248F,61.5,10.5
D4Z2G1,L248W,62.0,11.0
D4Z2G1,L3S,50.5,-0.5
D4Z2G1,P279A,48.0,-3.0
D4Z2G1,Q152L,61.5,10.5
D4Z2G1,Q172K,61.5,10.5
D4Z2G1,Q275P,48.0,-3.0
D4Z2G1,Q35I,50.5,-0.5
D4Z2G1,Q35L,48.5,-2.5
D4Z2G1,Q35V,48.5,-2.5
D4Z2G1,R20L,50.0,-1.0
D4Z2G1,R225L,51.5,0.5
D4Z2G1,R254L,49.5,-1.5
D4Z2G1,R86L,49.0,-2.0
D4Z2G1,S183D,50.0,-1.0
D4Z2G1,S41Q,49.0,-2.0
D4Z2G1,S42A,49.5,-1.5
D4Z2G1,T249L,62.5,11.5
D4Z2G1,T249M,60.5,9.5
D4Z2G1,T249V,60.0,9.0
D4Z2G1,T264H,50.0,-1.0
D4Z2G1,T264L,50.5,-0.5
D4Z2G1,T264Q,50.0,-1.0
D4Z2G1,V105I,50.0,-1.0
D4Z2G1,V106L,50.5,-0.5
D4Z2G1,V220M,61.0,10.0
O00095,A204G,54.9,0.5
O00095,A51S,50.4,-4.0
O00095,A51V,62.1,7.7
O00095,A82N,54.5,0.1
O00095,G186C,56.5,2.1
O00095,G57A,56.9,2.5
O00095,N107D,54.9,0.5
O00095,N183S,54.6,0.2
O00095,P217C,58.3,3.9
O00095,S159T,54.9,0.5
O00095,S55N,54.9,0.5
O00095,S79V,53.6,-0.8
O00095,S93G,54.5,0.1
O00095,T179S,54.7,0.3
O00095,V226C,54.5,0.1
O00189,D190A,50.9,-4.9
O00189,R283D,52.8,-3.0
O15020,L253P,44.6,-14.9
O25949,C163A,60.5,-7.5
O25949,C163A,69.5,-0.5
O25949,D126A,61.0,-7.0
O25949,E153A,58.4,-9.6
O25949,E153A,69.8,-0.2
O25949,E155A,53.6,-14.4
O25949,E155A,61.7,-8.3
O25949,E156A,59.0,-9.0
O25949,K157A,57.7,-10.3
O25949,K157A,67.7,-2.3
O25949,K161A,59.0,-9.0
O25949,K161A,67.5,-2.5
O25949,L162A,61.0,-7.0
O25949,L162A,67.3,-2.7
O25949,Q160A,62.8,-5.2
O25949,Q160A,64.4,-5.6
O25949,S154A,59.5,-8.5
O25949,S154A,69.0,-1.0
O25949,S164A,59.9,-8.1
O25949,S164A,70.7,0.7
O25949,W159A,51.0,-17.0
O25949,W159F,59.9,-8.1
O25949,W159F,64.8,-5.2
O49003,C450A,49.9,2.8
O49003,C450A,50.7,2.7
O49003,C450A,51.0,0.7
O49003,C450A,63.5,3.0
O49003,C450A,63.6,3.8
O49003,C450A,63.8,3.7
O49003,C450A,64.4,2.95
O49003,C450A,64.7,3.1
O49003,C450A,65.0,3.1
O49003,C450A,66.0,4.2
O60880,F87S,50.5,-7.3
O60880,G93D,49.1,-8.7
O60880,L31P,45.6,-12.2
O60880,R55L,51.5,-6.3
O60880,Y54C,48.2,-9.6
O60885,A420D,51.0,-3.0
O60885,A89V,53.0,0.1
O61594,A263F,39.6,-6.4
O61594,A263F,40.6,-4.4
O61594,D260A,39.6,-6.4
O61594,D260A,40.8,-4.2
O61594,E261A,45.2,-0.8
O61594,E261A,46.2,1.2
O61594,E265A,44.9,-0.6000000000000001
O61594,F251A,42.2,-3.8
O61594,F251A,42.4,-2.6
O61594,F334A,42.5,-2.5
O61594,F334A,42.9,-3.1
O61594,K366A,41.0,-4.0
O61594,K366A,41.5,-4.5
O61594,L100A,46.4,0.4
O61594,L100A,47.6,2.6
O61594,L335A,38.5,-7.5
O61594,L335A,40.0,-5.0
O61594,L350A,43.5,-2.5
O61594,L350A,43.8,-1.2
O61594,L389A,46.4,0.4
O61594,L389A,46.6,1.6
O61594,M262F,45.0,0.0
O61594,M262F,45.7,-0.3
O61594,N249A,38.5,-7.5
O61594,N249A,39.0,-6.0
O61594,N391A,44.4,-1.6
O61594,N391A,46.0,1.0
O61594,S247A,45.3,0.3
O61594,S247A,45.7,-0.3
O61594,S358A,42.0,-3.0
O61594,S358A,42.7,-3.3
O61594,V336F,30.0,-16.0
O61594,V336F,34.0,-11.0
O61594,Y390A,43.0,-3.0
O61594,Y390A,45.1,0.1
O61594,Y420A,37.0,-9.0
O61594,Y420A,37.2,-7.8
O68541,A334V,62.1,3.5
O68541,G348D,64.6,6.0
O74035,D105A,89.4,4.2
O74035,D135A,90.4,5.2
O74035,D7N,88.3,3.1
O74035,E8A,93.2,8.0
O74035,E8Q,85.9,0.6
O74035,I102A,73.8,-10.7
O74035,I15A,82.3,-2.2
O74035,I20A,76.1,-8.4
O74035,I56A,75.8,-8.7
O74035,I6A,79.3,-5.2
O74035,L118A,70.8,-13.7
O74035,L147A,79.3,-5.2
O74035,L33A,72.6,-11.9
O74035,L92A,78.9,-5.6
O95295,C66S,60.1,2.2
O95295,C66S,72.4,1.4
O95571,R163Q,55.0,-7.0
O95571,R163W,52.0,-10.0
P00004,L95V,79.0,-4.0
P00004,M81A,76.0,5.0
P00004,M81A,84.0,-0.1
P00004,T50V,72.0,1.0
P00004,T50V,86.0,1.9
P00044,A13Y,36.0,0.6
P00044,C108A,58.1,11.6
P00044,C108S,57.8,11.3
P00044,C108T,54.7,0.4
P00044,C108T,59.6,7.9
P00044,F16I,48.5,-4.3
P00044,F16W,23.1,-12.3
P00044,F16W,47.6,-5.2
P00044,F16Y,28.4,-7.0
P00044,F16Y,50.9,-1.9
P00044,K79I,22.3,0.8
P00044,K79I,26.7,4.1
P00044,K79I,31.7,1.0
P00044,K79I,35.5,0.6
P00044,K79I,38.7,-2.0
P00044,K79I,41.3,-1.8
P00044,K79I,45.2,0.2
P00044,K79I,46.9,-1.7
P00044,K79I,47.7,-5.0
P00044,K79V,22.7,1.2
P00044,K79V,28.7,6.1
P00044,K79V,31.4,0.7
P00044,K79V,36.6,1.7
P00044,K79V,38.9,-1.8
P00044,K79V,42.9,-0.2
P00044,K79V,46.7,1.7
P00044,K79V,47.9,-0.7
P00044,K79V,49.5,-3.2
P00044,K79W,22.8,0.75
P00044,K79W,27.5,-3.2
P00044,K79W,29.2,-5.7
P00044,K79W,30.4,-10.3
P00044,K79W,31.5,-11.6
P00044,K79W,36.1,-8.9
P00044,K79W,39.0,-9.6
P00044,K79W,47.6,-5.1
P00044,L100A,36.6,-16.2
P00044,L100I,33.7,-1.7
P00044,L100I,54.1,1.3
P00044,L100V,48.8,-4.0
P00044,N58A,53.7,4.5
P00044,N58H,47.5,-1.7
P00044,N58L,62.1,12.9
P00044,N58M,58.9,13.5
P00044,N58M,62.6,13.4
P00044,N58S,46.7,1.3
P00044,N58S,51.0,1.8
P00044,N58S,52.6,-10.7
P00044,N58T,45.4,5.3
P00044,N58T,49.2,3.8
P00044,N58T,54.5,5.3
P00044,N58T,55.3,-8.0
P00044,N58V,54.3,8.9
P00044,N58V,58.0,8.8
P00044,P82G,48.5,-5.0
P00044,P82L,48.6,-4.9
P00044,P82R,48.6,-4.9
P00044,P82S,47.8,-5.7
P00044,P82V,48.3,-5.2
P00044,P82W,47.0,-6.5
P00044,P82Y,46.7,-6.8
P00044,Y103A,31.1,-21.7
P00044,Y103F,33.3,-2.1
P00044,Y103F,53.8,1.0
P00099,E65Y,55.5,5.1
P00099,F29A,59.9,9.5
P00099,F56Y,66.4,16.0
P00099,Q59R,54.7,4.3
P00099,V100I,58.8,8.4
P00099,V100I,68.3,5.7
P00099,V35M,53.6,3.2
P00099,Y49F,91.0,8.9
P00099,Y49F,109.0,0.0
P00157,V50E,56.8,-9.9
P00157,V50E,69.0,-8.6
P00157,V50H,61.6,-5.1
P00157,V50H,72.1,-5.4
P00157,V50Y,60.5,-6.2
P00157,V50Y,72.1,-5.5
P00171,D76R,46.9,0.8
P00171,D76R,76.0,6.0
P00171,I41L,84.7,-0.8
P00171,L87S,75.3,-10.2
P00171,P97A,25.7,-20.4
P00171,P97A,63.3,-6.7
P00171,S23C,52.7,2.6
P00171,S23C,75.5,0.3
P00183,T102V,43.15,-1.2
P00183,T102V,46.85,-1.2
P00183,T102V,50.65,0.5
P00183,T102V,57.35,-3.5
P00183,T102V,57.45,-3.1
P00183,T102V,60.25,0.2
P00183,T102V,63.45,-1.8
P00257,C153S,55.75,4.36
P00257,D134E,53.4,2.01
P00257,F117W,37.3,-14.6
P00257,F122W,48.7,-3.2
P00257,F69W,46.6,-5.3
P00257,H114Q,46.45,-4.94
P00257,H114R,49.28,-2.11
P00257,H114T,48.75,-2.64
P00257,T112A,47.1,-4.29
P00257,T112S,51.6,0.21
P00257,Y140F,51.5,0.11
P00257,Y140L,50.7,-0.69
P00257,Y140S,50.6,-0.79
P00257,Y140W,51.2,-0.7
P00257,Y140W,51.7,0.31
P00268,I33L,111.8,4.8
P00268,V24I,109.5,2.5
P00282,K44R,76.0,-2.0
P00282,K44R,79.5,0.8
P00282,K44R,80.8,0.8
P00282,K44R,81.6,0.6
P00282,K44R,82.4,0.8
P00282,K44R,82.9,1.0
P00441,A5V,95.29,3.63
P00441,D91A,84.49,-7.17
P00441,T3D,77.0,-4.0
P00441,T3D,79.8,-1.7
P00563,D122A,59.1,0.0
P00563,D122N,61.2,2.1
P00644,A142C,49.4,-3.6
P00644,A151T,40.5,-13.7
P00644,A172S,33.5,-13.5
P00644,A172S,40.7,-10.7
P00644,A194F,45.8,-6.9
P00644,A194F,46.4,-6.6
P00644,D101F,48.1,-4.6
P00644,D101F,48.5,-4.5
P00644,D159G,43.9,-8.1
P00644,D225F,51.2,-1.5
P00644,D225F,53.1,0.1
P00644,E134F,52.2,-0.5
P00644,E134F,53.0,0.0
P00644,E139C,52.1,-0.9
P00644,E139F,51.6,-1.1
P00644,E139F,52.4,-0.6
P00644,E149F,46.1,-6.6
P00644,E149F,48.0,-5.0
P00644,E155F,47.4,-5.3
P00644,E155F,48.8,-4.2
P00644,E155G,36.8,-15.2
P00644,E157A,48.5,-5.6
P00644,E157V,47.5,-6.6
P00644,E183F,37.6,-16.1
P00644,E183F,39.7,-13.3
P00644,F116C,40.0,-13.0
P00644,G111C,48.4,-4.6
P00644,G111F,46.3,-6.4
P00644,G111F,47.3,-5.7
P00644,G132C,50.4,-2.6
P00644,G132F,50.5,-2.5
P00644,G161S,38.3,-9.5
P00644,G161S,38.5,-8.5
P00644,G161S,43.8,-7.6
P00644,G161S,49.7,-4.4
P00644,G168F,43.6,-9.1
P00644,G168F,44.5,-8.5
P00644,G170V,50.6,3.6
P00644,G170V,54.3,2.9
P00644,G170V,58.4,4.3
P00644,G170W,58.2,4.8
P00644,G170W,58.7,4.6
P00644,G178F,41.7,-11.3
P00644,G178F,42.0,-10.7
P00644,H128Y,47.2,-0.6
P00644,H206L,55.3,8.3
P00644,H206L,56.2,8.4
P00644,H206L,56.4,5.8
P00644,H206L,56.5,5.1
P00644,I100M,45.7,-2.1
P00644,K106G,47.9,-6.3
P00644,K110F,48.5,-4.2
P00644,K110F,48.8,-4.2
P00644,K130F,52.3,-0.4
P00644,K130F,53.3,0.3
P00644,K131F,51.5,-1.2
P00644,K131F,52.2,-0.8
P00644,K152C,50.2,-2.8
P00644,K152F,53.0,0.0
P00644,K152W,50.0,-3.4
P00644,K160F,52.5,-0.5
P00644,K166F,49.2,-3.5
P00644,K166F,50.6,-2.4
P00644,K198F,52.9,0.2
P00644,K198F,53.6,0.6
P00644,K198G,54.4,3.8
P00644,K209F,51.5,-1.2
P00644,K209F,52.4,-0.6
P00644,K216C,50.1,-2.9
P00644,K218F,46.3,-6.4
P00644,K218F,47.5,-5.5
P00644,L107A,31.2,-15.8
P00644,L107A,39.9,-11.5
P00644,L171F,40.3,-7.5
P00644,L219A,45.3,-8.7
P00644,L89A,50.9,-3.2
P00644,M114I,51.2,-2.3
P00644,M114L,50.3,-3.2
P00644,M147F,46.9,-5.8
P00644,M147F,47.3,-5.7
P00644,P129F,51.8,-0.9
P00644,P129F,52.8,-0.2
P00644,P199G,55.6,5.0
P00644,P199T,51.2,0.6
P00644,Q162F,51.1,-1.6
P00644,Q162F,51.7,-1.3
P00644,Q205F,50.7,-2.0
P00644,Q205F,52.5,-0.5
P00644,R187C,41.9,-11.1
P00644,R187F,37.9,-15.1
P00644,S210A,55.7,3.0
P00644,S210A,57.9,4.9
P00644,S210F,48.9,-3.8
P00644,S210F,49.7,-3.3
P00644,S223A,50.4,-0.8
P00644,S223A,51.4,-1.3
P00644,S223A,52.6,-0.4
P00644,S229A,52.1,-0.6
P00644,S229A,53.5,0.5
P00644,T104I,49.4,-3.6
P00644,T104I,49.7,-3.0
P00644,T104S,49.9,-2.8
P00644,T104S,51.5,-1.5
P00644,T115C,49.1,-3.6
P00644,T115C,50.7,-2.3
P00644,T115I,53.8,1.1
P00644,T115I,55.2,2.2
P00644,T115S,47.2,-5.5
P00644,T115S,48.9,-4.1
P00644,T123C,54.0,1.3
P00644,T123C,55.9,2.9
P00644,T123I,56.7,4.0
P00644,T123I,57.2,4.2
P00644,T123S,49.6,-3.1
P00644,T123S,50.6,-2.4
P00644,T123V,55.4,2.7
P00644,T123V,57.2,4.2
P00644,T126C,52.4,-0.3
P00644,T126C,53.5,0.5
P00644,T126I,48.5,-4.2
P00644,T126I,49.7,-3.3
P00644,T126V,52.2,-0.5
P00644,T126V,54.0,1.0
P00644,T144A,44.9,-8.1
P00644,T144A,45.7,-7.0
P00644,T144C,48.1,-4.6
P00644,T144C,49.5,-3.5
P00644,T144F,52.6,-0.4
P00644,T144F,53.2,0.5
P00644,T144G,36.9,-15.8
P00644,T144G,37.1,-15.9
P00644,T144H,44.5,-8.2
P00644,T144H,45.0,-8.0
P00644,T144I,49.8,-3.4
P00644,T144I,50.5,-2.5
P00644,T144K,34.8,-18.2
P00644,T144K,35.2,-17.5
P00644,T144L,47.7,-5.3
P00644,T144L,48.3,-4.4
P00644,T144M,50.7,-2.3
P00644,T144M,51.4,-1.3
P00644,T144N,36.0,-16.7
P00644,T144N,37.1,-15.9
P00644,T144S,43.7,-9.0
P00644,T144S,44.7,-8.3
P00644,T144V,53.9,0.9
P00644,T144V,54.9,2.2
P00644,T144V,55.0,2.3
P00644,T164C,50.2,-2.5
P00644,T164C,51.8,-1.2
P00644,T164I,53.5,0.8
P00644,T164I,54.6,1.6
P00644,T164V,53.4,0.7
P00644,T164V,54.6,1.6
P00644,T202C,47.4,-5.449999999999999
P00644,T202I,47.7,-5.0
P00644,T202I,48.4,-4.6
P00644,T202S,49.9,-2.8
P00644,T202S,51.8,-1.2
P00644,T202V,47.3,-5.4
P00644,T202V,48.2,-4.8
P00644,T95C,48.9,-3.8
P00644,T95C,50.1,-2.9
P00644,T95S,51.1,-1.6
P00644,T95S,52.5,-0.5
P00644,T95V,51.1,-1.6
P00644,T95V,52.4,-0.6
P00644,V105A,41.6,-12.5
P00644,V105F,37.6,-10.2
P00644,V105T,38.0,-14.7
P00644,V105T,39.0,-14.0
P00644,V121S,41.7,-11.0
P00644,V121S,42.4,-10.6
P00644,V133S,52.1,-0.6
P00644,V133S,53.5,0.5
P00644,V133T,51.7,-1.0
P00644,V133T,53.5,0.5
P00644,V148A,36.3,-14.5
P00644,V148A,41.2,-12.2
P00644,V148A,42.2,-11.9
P00644,V148A,42.4,-11.1
P00644,V148L,50.8,3.8
P00644,V148L,55.3,3.9
P00644,V148L,59.8,5.7
P00644,V148S,38.8,-13.9
P00644,V148S,40.1,-12.9
P00644,V148T,46.4,-6.3
P00644,V148T,47.3,-5.7
P00644,V156T,34.4,-18.3
P00644,V156T,36.1,-16.9
P00644,V186T,42.4,-10.3
P00644,V186T,43.5,-9.5
P00644,V193T,42.6,-10.1
P00644,V193T,42.8,-10.2
P00644,V196S,52.2,-0.5
P00644,V196S,53.6,0.6
P00644,V196T,51.7,-1.0
P00644,V196T,53.3,0.3
P00644,W222F,39.1,-11.6
P00644,W222H,41.8,-8.9
P00644,W222Y,38.6,-12.1
P00644,Y136F,50.9,-1.8
P00644,Y136F,52.8,-0.2
P00644,Y136L,40.3,-12.4
P00644,Y136L,41.0,-12.0
P00644,Y167F,51.4,-1.3
P00644,Y167F,53.3,0.3
P00644,Y167L,52.0,-0.7
P00644,Y167L,52.3,-0.7
P00644,Y173L,38.6,-14.1
P00644,Y173L,39.2,-13.8
P00644,Y175F,44.9,-7.8
P00644,Y175F,46.4,-6.6
P00644,Y195F,52.3,-0.4
P00644,Y195F,53.9,0.9
P00644,Y195L,52.0,-0.7
P00644,Y195L,53.5,0.5
P00644,Y197F,52.2,-0.5
P00644,Y197F,53.8,0.8
P00648,D101N,44.14,-7.49
P00648,D101N,44.57,-7.06
P00648,D55A,49.72,-1.91
P00648,D59A,51.25,-1.0
P00648,D59G,49.68,-1.95
P00648,D59G,49.95,-2.3
P00648,D69M,50.06,-1.57
P00648,E120G,39.55,-12.7
P00648,G100A,45.5,-8.6
P00648,G100V,34.5,-19.6
P00648,G99A,40.8,-13.3
P00648,G99V,33.0,-21.1
P00648,I102G,46.95,-5.3
P00648,I135A,42.7,-11.2
P00648,I135G,31.45,-20.8
P00648,I135V,48.11,-3.37
P00648,I135V,51.0,-2.9
P00648,I143A,44.9,-9.6
P00648,I143V,49.18,-2.3
P00648,I143V,49.19,-2.29
P00648,I143V,51.5,-2.4
P00648,I98V,46.95,-4.53
P00648,L136G,43.55,-8.7
P00648,L142G,43.15,-9.1
P00648,L61A,42.0,-11.9
P00648,Q62A,51.35,-0.9
P00648,Q62G,50.25,-2.0
P00648,R116M,45.86,-5.77
P00648,R119G,46.55,-5.7
P00648,R130Q,48.34,-3.29
P00648,S138A,46.67,-4.81
P00648,S138A,46.68,-4.8
P00648,S139A,44.5,-7.13
P00648,T147G,47.95,-4.3
P00648,T63R,52.96,1.33
P00648,T73G,47.57,-4.06
P00648,Y144G,34.35,-17.9
P00648,Y60G,36.65,-15.6
P00648,Y64G,41.95,-10.3
P00651,A135G,55.4,-2.6
P00651,A30S,59.69,-1.69
P00651,A30S,60.16,-1.54
P00651,A30S,61.7,-1.1
P00651,A31S,59.96,-1.42
P00651,A31S,60.59,-1.11
P00651,A31S,63.2,0.4
P00651,A90G,55.8,-2.2
P00651,D102A,35.6,-15.2
P00651,D102N,37.0,-13.8
P00651,D102S,37.2,-13.6
P00651,D44G,54.4,-0.7
P00651,D64W,55.4,-2.8
P00651,D64W,60.8,-3.5
P00651,E84A,46.0,-2.3
P00651,F34W,48.1,-10.1
P00651,F34W,55.4,-8.9
P00651,F72A,37.25,-22.4
P00651,F72L,48.55,-11.1
P00651,F72V,47.55,-12.1
P00651,G114R,64.0,0.8
P00651,H118A,55.9,-1.3
P00651,H66T,56.7,-0.5
P00651,I107A,47.7,-10.3
P00651,I107G,41.0,-17.0
P00651,I107V,57.3,-0.7
P00651,I132A,43.1,-14.9
P00651,I132L,51.7,-6.3
P00651,I132V,55.0,-3.0
P00651,I133A,47.7,-10.3
P00651,I133L,49.4,-8.6
P00651,I133V,58.6,0.6
P00651,K130W,48.9,-9.3
P00651,K130W,53.4,-10.9
P00651,K27W,60.0,1.8
P00651,K27W,67.6,3.3
P00651,K34A,55.9,-2.2
P00651,N107A,42.3,-8.6
P00651,N35A,48.8,-2.1
P00651,N62A,50.9,0.0
P00651,N70A,45.4,-5.5
P00651,N70A,45.6,-5.2
P00651,N70S,45.8,-5.0
P00651,N93D,49.0,-3.4
P00651,N93D,52.1,-2.6
P00651,N93D,55.3,-1.7
P00651,N93D,58.5,-0.7
P00651,N93D,61.5,0.2
P00651,N93D,61.6,-1.4
P00651,N93D,62.2,-0.2
P00651,P119A,33.7,-10.7
P00651,P119G,54.5,-7.3
P00651,P119G,55.4,-6.2
P00651,P140A,33.8,-10.6
P00651,P140G,51.6,-10.2
P00651,P140G,52.1,-9.5
P00651,P143A,37.7,-6.7
P00651,P68A,43.0,-1.4
P00651,Q37E,54.5,-0.8
P00651,Q51K,44.0,3.3
P00651,Q51K,46.6,3.2
P00651,Q51K,51.7,3.4
P00651,Q51K,52.1,3.3
P00651,Q51K,54.0,2.9
P00651,Q51K,56.9,2.8
P00651,Q51K,61.2,2.4
P00651,R32A,56.4,-2.7
P00651,S101A,53.2,-7.9
P00651,S101C,43.2,-17.9
P00651,S101T,52.2,-8.9
P00651,S149A,62.64,1.27
P00651,S149A,63.08,1.38
P00651,S149A,68.7,5.9
P00651,S43A,52.6,1.7
P00651,S45N,53.2,0.5
P00651,S90A,46.3,-4.6
P00651,T117A,41.9,-10.6
P00651,T117V,40.7,-11.8
P00651,T119A,50.2,-2.3
P00651,T119V,49.3,-3.2
P00651,V104A,43.3,-7.9
P00651,V104S,34.6,-16.6
P00651,V104T,40.2,-11.3
P00651,V104T,41.4,-9.8
P00651,V115C,46.3,-4.9
P00651,V115S,29.6,-21.6
P00651,V115T,38.0,-13.2
P00651,V134A,43.3,-14.7
P00651,V134G,29.4,-28.6
P00651,V134I,58.1,0.1
P00651,V134L,55.6,-2.4
P00651,V142A,54.8,-3.2
P00651,V142G,53.6,-4.4
P00651,V144A,52.5,-5.5
P00651,V144G,47.9,-10.1
P00651,V150W,55.2,-3.0
P00651,V150W,59.8,-4.5
P00651,V42A,43.0,-8.2
P00651,V42A,44.5,-7.0
P00651,V42C,41.6,-9.6
P00651,V42C,42.6,-8.9
P00651,V42T,39.9,-11.3
P00651,V42T,42.1,-9.4
P00651,V73A,45.0,-13.0
P00651,V73G,31.2,-26.8
P00651,V80A,49.8,-8.2
P00651,V80G,40.8,-17.2
P00651,V80I,55.4,-2.6
P00651,V80L,54.7,-3.3
P00651,V83A,48.7,-9.3
P00651,V83G,38.1,-19.9
P00651,V83I,57.8,-0.2
P00651,V83L,50.7,-7.3
P00651,V89A,58.1,0.1
P00651,V89G,46.1,-11.9
P00651,W85Y,53.4,-4.2
P00651,W85Y,54.3,-2.9
P00651,W85Y,65.0,20.0
P00651,Y102W,52.7,-5.5
P00651,Y102W,58.2,-6.1
P00651,Y118W,60.7,2.5
P00651,Y118W,65.4,1.1
P00651,Y123A,29.0,-34.3
P00651,Y123F,53.2,-10.1
P00651,Y123G,30.0,-33.3
P00651,Y141W,54.2,-4.0
P00651,Y141W,59.9,-4.4
P00651,Y37F,44.9,-6.0
P00651,Y50W,58.8,1.6
P00651,Y68F,54.3,3.4
P00651,Y68W,56.6,-0.6
P00651,Y71W,55.9,-1.3
P00651,Y71W,56.0,-1.6
P00651,Y82F,48.8,-2.1
P00651,Y83F,49.6,-1.3
P00651,Y94F,46.9,-4.0
P00651,Y99W,52.1,-6.1
P00651,Y99W,61.8,-2.5
P00698,A49I,77.6,3.6
P00698,A49L,78.7,4.7
P00698,A49V,77.1,3.1
P00698,D119A,76.0,2.0
P00698,D119E,74.0,0.0
P00698,D119F,75.9,1.9
P00698,D119G,75.2,1.2
P00698,D119K,74.5,0.5
P00698,D119N,74.1,0.1
P00698,D119Q,73.8,-0.2
P00698,D119R,74.7,0.7
P00698,D119S,76.3,2.3
P00698,F21Y,72.8,-1.2
P00698,F52Y,74.5,0.5
P00698,G120A,65.6,0.0
P00698,G120R,75.0,1.0
P00698,G120V,73.9,-0.1
P00698,G135A,61.0,-4.6
P00698,G67A,59.9,-5.7
P00698,G85A,62.7,-2.9
P00698,G89A,64.4,-1.2
P00698,H33L,76.0,2.0
P00698,I73F,67.5,-6.5
P00698,I73M,68.0,-6.0
P00698,I73T,60.9,-13.1
P00698,I73V,71.6,-2.4
P00698,M30F,66.8,0.8
P00698,M30L,64.2,-1.8
P00698,N37K,71.2,-2.8
P00698,Q139H,72.8,-1.2
P00698,R132H,75.8,1.8
P00698,R39Q,73.6,-0.4
P00698,R86K,73.9,-0.1
P00698,R91K,74.6,0.6
P00698,S109A,73.6,-0.4
P00698,S109D,67.9,-6.1
P00698,S109T,76.6,2.6
P00698,S109V,73.8,-0.2
P00698,S109Y,65.9,-8.1
P00698,T58I,68.2,-5.8
P00698,T58S,73.3,-0.7
P00711,A125S,50.1,-6.1
P00711,D33N,56.8,-3.0
P00711,D56N,74.2,14.4
P00711,E20M,69.8,10.0
P00711,E20Q,66.6,6.8
P00711,E26Q,67.7,7.9
P00711,E30L,69.5,9.7
P00711,E44A,60.9,1.1
P00711,H126A,52.1,-4.1
P00711,H126W,47.5,-8.7
P00711,H126Y,55.2,-1.0
P00711,H51A,44.6,-11.6
P00711,H51Y,56.5,0.3
P00711,I78W,51.7,-4.5
P00711,K133E,53.0,-3.2
P00711,K133N,66.9,10.7
P00711,K133Q,53.5,-2.7
P00711,L129E,55.1,-1.1
P00711,L129H,62.5,6.3
P00711,L129R,58.1,1.9
P00711,Q136A,52.1,-4.1
P00711,V61A,51.7,-4.5
P00711,V61G,51.0,-5.2
P00711,V61N,55.1,-1.1
P00711,W123Y,43.7,-12.5
P00711,W137H,52.9,-3.3
P00711,W137Y,50.8,-5.4
P00711,Y122A,45.5,-10.7
P00711,Y122P,55.1,-1.1
P00712,T57A,54.15,-4.9
P00712,T57A,59.05,-6.8
P00712,W137F,71.5,0.4
P00712,W137F,73.0,1.8
P00712,W79F,67.9,-3.2
P00712,W79F,69.2,-2.0
P00720,A129F,49.4,-2.3
P00720,A129L,49.1,-2.9
P00720,A129L,62.1,-3.2
P00720,A129M,46.2,-5.5
P00720,A129M,60.1,-5.2
P00720,A129V,38.5,-2.9
P00720,A129V,50.2,-1.9
P00720,A129W,46.6,-5.1
P00720,A130S,48.66,-2.89
P00720,A134S,51.11,-0.44
P00720,A146C,32.3,-4.1
P00720,A146T,42.6,-9.0
P00720,A146T,47.4,-9.4
P00720,A146T,50.0,-9.0
P00720,A146T,59.0,-6.0
P00720,A160T,60.0,-5.5
P00720,A41D,63.29,1.1
P00720,A41D,65.86,0.71
P00720,A41S,49.78,-1.77
P00720,A41V,43.07,1.6
P00720,A41V,52.43,1.33
P00720,A41V,54.52,1.1
P00720,A41V,67.21,0.7
P00720,A42F,40.5,-11.2
P00720,A42I,42.8,-8.9
P00720,A42K,38.8,-15.3
P00720,A42K,44.9,-14.5
P00720,A42K,47.9,-14.2
P00720,A42K,51.4,-13.2
P00720,A42K,54.2,-11.0
P00720,A42L,41.6,-10.1
P00720,A42S,44.06,-7.49
P00720,A42V,44.2,-7.5
P00720,A49S,50.02,-1.53
P00720,A73S,50.28,-1.27
P00720,A74P,39.3,-18.2
P00720,A74P,46.9,-15.3
P00720,A74P,50.8,-12.4
P00720,A74P,53.3,-12.4
P00720,A82P,42.7,0.8
P00720,A82P,54.5,1.08
P00720,A82P,66.8,2.1
P00720,A82P,67.85,1.34
P00720,A82S,50.56,-0.99
P00720,A93P,42.3,0.4
P00720,A93P,64.9,0.2
P00720,A93S,51.03,-0.52
P00720,A93T,62.35,0.16
P00720,A93T,65.2,0.13
P00720,A93T,65.28,0.13
P00720,A98C,49.1,-2.6
P00720,A98F,31.3,-20.4
P00720,A98I,35.6,-16.1
P00720,A98M,42.4,-9.3
P00720,A98S,44.08,-7.47
P00720,A98V,38.6,-13.0
P00720,A98V,39.3,-14.8
P00720,A98V,42.5,-9.2
P00720,A98W,32.4,-19.3
P00720,C54T,66.0,1.0
P00720,C54T,69.0,3.5
P00720,C54V,63.0,-2.0
P00720,D159C,37.1,0.7
P00720,D20A,64.3,-0.8
P00720,D20N,68.2,3.1
P00720,D20S,66.7,1.6
P00720,D20T,67.3,2.2
P00720,D47A,50.84,-0.81
P00720,D47A,59.45,-2.75
P00720,D72P,28.3,-10.2
P00720,D72P,56.3,-6.9
P00720,D92N,39.2,-0.3
P00720,D92N,58.7,-3.7
P00720,E108V,55.2,3.6
P00720,E108V,56.0,4.3
P00720,E108V,67.6,2.4
P00720,E11A,69.08,2.6
P00720,E11F,70.78,4.3
P00720,E11H,65.2,0.1
P00720,E11M,70.58,4.1
P00720,E11N,64.5,-0.6
P00720,E128A,41.35,0.6
P00720,E128A,41.4,0.6
P00720,E128K,51.5,5.3
P00720,E128K,54.0,-5.0
P00720,E22K,63.77,1.58
P00720,E22K,66.52,1.37
P00720,E45A,53.12,1.47
P00720,E45A,62.24,0.04
P00720,F104A,42.0,-9.7
P00720,F104A,57.8,-7.5
P00720,F104M,64.5,-0.8
P00720,F153A,39.46,-12.3
P00720,F153A,39.5,-12.3
P00720,F153A,55.58,-9.3
P00720,F153A,55.6,-9.5
P00720,F153I,50.26,-1.5
P00720,F153I,64.38,-0.5
P00720,F153L,52.36,0.6
P00720,F153L,62.7,0.51
P00720,F153L,65.68,0.8
P00720,F153L,66.03,0.88
P00720,F153M,49.36,-2.4
P00720,F153M,63.28,-1.6
P00720,F153M,63.7,-1.6
P00720,F153V,45.66,-6.1
P00720,F153V,60.38,-4.5
P00720,F67A,46.0,-5.7
P00720,G113A,42.3,0.4
P00720,G113A,65.3,0.8
P00720,G113E,63.22,1.03
P00720,G113E,65.94,0.79
P00720,G156D,36.8,-5.1
P00720,G156D,46.6,-5.0
P00720,G156D,58.6,-6.1
P00720,G28A,46.5,-5.1
P00720,G30A,66.58,0.1
P00720,G30F,61.58,-4.9
P00720,G77A,40.5,-1.4
P00720,G77A,65.6,0.9199999999999999
P00720,H31N,55.0,-11.0
P00720,I100A,41.0,-10.7
P00720,I100A,58.2,-7.1
P00720,I100M,60.8,-4.5
P00720,I100V,64.4,-1.1
P00720,I17A,43.3,-8.4
P00720,I17A,58.9,-6.4
P00720,I17M,59.4,-5.9
P00720,I27A,41.6,-10.1
P00720,I27M,55.2,-10.1
P00720,I29A,43.5,-8.2
P00720,I3A,38.1,-3.7999999999999994
P00720,I3A,62.9,-1.8
P00720,I3A,68.0,3.3
P00720,I3C,40.0,-1.9
P00720,I3C,46.7,4.8
P00720,I3C,61.0,-3.7
P00720,I3D,35.4,-6.5
P00720,I3D,56.2,-8.5
P00720,I3E,33.06,-5.69
P00720,I3E,37.8,-4.1
P00720,I3E,41.48,-4.68
P00720,I3E,49.9,-3.66
P00720,I3E,59.0,-5.7
P00720,I3F,34.07,-4.68
P00720,I3F,37.9,-4.0
P00720,I3F,43.16,-3.0
P00720,I3F,52.25,-1.31
P00720,I3F,61.7,-3.0
P00720,I3G,34.7,-7.2
P00720,I3G,58.9,-5.8
P00720,I3L,41.41,2.66
P00720,I3L,44.9,3.0
P00720,I3L,48.91,2.75
P00720,I3L,55.53,2.11
P00720,I3L,56.4,2.84
P00720,I3L,65.6,0.9
P00720,I3L,67.2,1.69
P00720,I3M,41.0,-0.9
P00720,I3M,62.4,-2.3
P00720,I3P,26.76,-11.99
P00720,I3P,36.96,-9.2
P00720,I3P,47.15,-6.41
P00720,I3S,34.9,-7.0
P00720,I3S,60.1,-4.6
P00720,I3T,30.27,-8.48
P00720,I3T,35.8,-6.1
P00720,I3T,39.76,-6.4
P00720,I3T,49.24,-4.32
P00720,I3T,58.7,-6.0
P00720,I3V,39.8,-2.1
P00720,I3V,63.5,-1.2
P00720,I3W,25.5,-16.4
P00720,I3W,56.7,-8.0
P00720,I3Y,32.4,-9.5
P00720,I3Y,58.8,-5.9
P00720,I50A,45.9,-5.8
P00720,I50A,61.1,-4.2
P00720,I50M,64.7,-0.6
P00720,I58A,41.3,-10.4
P00720,I58T,55.2,-10.1
P00720,I78A,47.0,-4.7
P00720,I78A,61.8,-3.5
P00720,I78M,61.6,-3.7
P00720,I78V,63.4,-2.1
P00720,K124G,41.9,0.0
P00720,K124G,64.5,-0.2
P00720,K135C,33.8,-2.6
P00720,K135E,50.2,-0.7
P00720,K135E,64.4,-2.3
P00720,K147E,51.1,0.2
P00720,K16E,49.4,-1.5
P00720,K16E,67.8,1.1
P00720,K43A,48.7,-2.95
P00720,K43A,59.12,-3.08
P00720,K43A,62.1,-3.1
P00720,K48A,41.6,-12.5
P00720,K48A,49.9,-12.2
P00720,K48A,50.72,-0.93
P00720,K48A,60.52,-1.68
P00720,K60H,35.1,-3.4
P00720,K60H,62.6,-0.4
P00720,K60P,42.2,0.3
P00720,K60P,64.6,-0.1
P00720,K83H,36.3,-2.2
P00720,K83H,62.0,-1.0
P00720,L118A,39.6,-12.125
P00720,L118A,56.3,-0.9
P00720,L118I,62.4,-3.1
P00720,L118M,63.5,-1.8
P00720,L121A,42.5,-9.225000000000001
P00720,L121A,59.1,-6.2
P00720,L121A,59.2,-6.1
P00720,L121M,63.2,-2.1
P00720,L133A,23.75,-17.0
P00720,L133A,42.9,-8.9
P00720,L133D,28.9,-19.0
P00720,L133D,36.7,-14.9
P00720,L133D,44.0,-17.9
P00720,L133D,49.6,-15.0
P00720,L133F,40.7,-0.7
P00720,L133F,51.3,-0.8
P00720,L133F,64.8,-0.7
P00720,L133M,64.3,-1.0
P00720,L33A,39.4,-12.3
P00720,L33A,56.5,-8.8
P00720,L33M,60.0,-5.3
P00720,L39A,62.7,-2.5
P00720,L39P,36.4,-5.5
P00720,L46A,43.2,-8.6
P00720,L46A,43.26,-8.39
P00720,L46A,55.8,-6.4
P00720,L46A,58.9,-6.3
P00720,L66A,38.3,-13.4
P00720,L66A,55.2,-10.1
P00720,L66M,62.6,-2.5
P00720,L66P,26.8,-38.2
P00720,L79C,31.3,-5.1
P00720,L7A,43.6,-8.1
P00720,L7A,59.0,-6.3
P00720,L84A,38.3,-13.4
P00720,L84A,54.8,-10.5
P00720,L84M,60.4,-4.9
P00720,L91A,42.0,-9.7
P00720,L91A,57.9,-7.4
P00720,L91M,63.3,-2.0
P00720,L91P,30.7,-34.3
P00720,L99A,36.06,-15.7
P00720,L99A,36.1,-15.649999999999999
P00720,L99A,53.48,-11.4
P00720,L99A,53.6,-11.7
P00720,L99A,53.7,-11.5
P00720,L99F,50.66,-1.1
P00720,L99F,64.18,-0.7
P00720,L99G,22.5,-29.2
P00720,L99G,44.9,-20.3
P00720,L99I,47.76,-4.0
P00720,L99I,61.18,-3.7
P00720,L99M,49.76,-2.0
P00720,L99M,63.38,-1.5
P00720,L99M,64.0,-1.3
P00720,L99V,45.16,-6.6
P00720,L99V,59.68,-5.2
P00720,M102A,57.1,-8.2
P00720,M102K,16.6,-35.0
P00720,M102K,37.8,-10.1
P00720,M102K,45.0,-20.3
P00720,M102L,49.22,-2.54
P00720,M102L,62.58,-2.31
P00720,M102L,63.2,-2.3
P00720,M102T,38.6,-13.0
P00720,M102V,44.1,-12.7
P00720,M102V,46.0,-13.0
P00720,M106A,44.6,-7.1
P00720,M106A,60.1,-5.2
P00720,M106I,66.1,0.6
P00720,M106K,41.2,-10.5
P00720,M106L,53.4,1.7
P00720,M120A,51.07,-0.58
P00720,M120K,46.9,-4.8
P00720,M120L,53.4,1.7
P00720,M120Y,65.4,-0.1
P00720,M6A,46.0,-5.7
P00720,M6A,60.8,-4.5
P00720,M6I,62.1,-3.4
P00720,M6L,41.1,-10.6
P00720,N101A,61.6,-3.7
P00720,N116A,52.14,0.49
P00720,N116D,40.7,-0.2
P00720,N116D,54.32,0.9
P00720,N116D,67.7,1.6
P00720,N116D,67.87,1.36
P00720,N132F,69.78,3.3
P00720,N132I,69.48,3.0
P00720,N132M,70.08,3.6
P00720,N144D,40.7,-0.2
P00720,N144D,54.36,0.94
P00720,N144D,67.5,1.1949999999999998
P00720,N144E,39.4,0.9
P00720,N144E,64.5,1.5
P00720,N144E,66.8,1.4
P00720,N144H,37.2,-2.3
P00720,N144H,63.1,0.7
P00720,N163D,61.7,-0.49
P00720,N163D,64.75,-0.5
P00720,N40A,52.75,1.2
P00720,N40A,63.08,0.88
P00720,N40A,66.1,0.9
P00720,N40D,63.47,1.28
P00720,N40D,66.29,1.14
P00720,N55C,32.8,-3.6
P00720,N55G,40.2,-1.7
P00720,N55G,63.1,-1.6
P00720,N68A,48.0,-0.2
P00720,P143A,36.9,-5.0
P00720,P37A,41.1,-0.8
P00720,P86A,40.0,-2.0
P00720,P86A,40.6,-1.3
P00720,P86C,41.0,-1.0
P00720,P86D,42.0,0.0
P00720,P86D,63.0,0.0
P00720,P86D,65.0,-1.0
P00720,P86G,40.0,-2.0
P00720,P86G,62.0,-1.0
P00720,P86H,40.0,-2.0
P00720,P86H,62.0,-4.0
P00720,P86I,40.0,-2.0
P00720,P86L,40.0,-2.0
P00720,P86R,40.0,-2.0
P00720,P86R,62.0,-1.0
P00720,P86R,63.0,-3.0
P00720,P86S,41.0,-1.0
P00720,P86T,41.0,-1.0
P00720,Q105A,38.5,-3.5
P00720,Q105A,64.7,-1.6
P00720,Q105E,39.9,-2.1
P00720,Q105E,63.3,-3.0
P00720,Q105G,34.8,-7.2
P00720,Q105G,62.4,-3.9
P00720,Q105M,62.6,-2.7
P00720,Q122A,50.94,-0.71
P00720,Q123A,51.01,-0.64
P00720,Q123E,41.4,1.0
P00720,Q123E,65.8,1.2
P00720,Q123E,66.9,0.2
P00720,Q69P,25.6,-12.9
P00720,Q69P,55.6,-7.6
P00720,R119A,51.12,-0.53
P00720,R119C,33.4,-3.0
P00720,R119E,50.3,-0.6
P00720,R119E,66.6,0.1
P00720,R119H,61.36,-0.83
P00720,R119H,64.41,-0.74
P00720,R119M,40.0,-0.9
P00720,R119M,66.4,0.3
P00720,R14K,61.66,-0.53
P00720,R14K,65.07,-0.08
P00720,R154E,51.5,0.6
P00720,R154E,64.1,-2.6
P00720,R80K,61.85,-0.34
P00720,R80K,64.72,-0.43
P00720,R96C,27.7,-8.7
P00720,R96H,23.15,-15.6
P00720,R96H,27.11,-13.5
P00720,R96H,29.64,-13.3
P00720,R96H,30.93,-12.8
P00720,R96H,33.44,11.6
P00720,R96H,37.46,-11.2
P00720,R96H,37.6,-14.0
P00720,R96H,41.18,-10.5
P00720,R96H,43.2,-13.6
P00720,R96H,45.0,-14.0
P00720,R96H,57.7,-7.8
P00720,R96H,58.0,-7.0
P00720,S117A,55.29,3.64
P00720,S117F,56.48,4.8
P00720,S117F,67.93,2.8
P00720,S117F,68.28,2.8
P00720,S117I,70.68,4.2
P00720,S117V,71.58,5.1
P00720,S38A,51.45,-1.95
P00720,S38D,40.6,-0.3
P00720,S38D,53.88,0.46
P00720,S38D,67.6,1.5
P00720,S38D,67.87,1.36
P00720,S38N,39.2,-0.3
P00720,S38N,62.3,-0.1
P00720,S44A,38.4,-15.7
P00720,S44A,45.1,-14.3
P00720,S44A,49.4,-1.6
P00720,S44A,50.9,-13.7
P00720,S44A,52.75,1.2
P00720,S44A,52.89,1.21
P00720,S44A,63.18,0.98
P00720,S44C,51.33,-0.35
P00720,S44D,51.36,-0.32
P00720,S44E,51.68,0.0
P00720,S44F,51.86,0.18
P00720,S44G,50.13,-1.55
P00720,S44H,51.8,0.12
P00720,S44I,52.59,0.91
P00720,S44K,52.25,0.57
P00720,S44L,52.77,1.09
P00720,S44M,52.6,0.92
P00720,S44N,51.28,-0.4
P00720,S44P,41.36,-10.32
P00720,S44Q,52.43,0.75
P00720,S44R,52.36,0.68
P00720,S44T,51.71,0.03
P00720,S44V,51.97,0.29
P00720,S44W,51.83,0.15
P00720,S44Y,52.22,0.54
P00720,S90H,34.4,-4.1
P00720,S90H,60.1,-2.9
P00720,S90H,62.7,-2.7
P00720,T109D,38.7,-0.8
P00720,T109D,63.9,1.5
P00720,T109N,39.4,-0.1
P00720,T109N,62.7,0.3
P00720,T115A,51.22,-0.43
P00720,T115E,38.7,-1.7
P00720,T115E,39.2,-1.7
P00720,T115E,52.0,-0.6
P00720,T115E,63.3,-0.3
P00720,T115E,65.3,0.7
P00720,T115E,66.8,0.39999999999999997
P00720,T142C,35.9,-0.5
P00720,T151S,63.16,0.97
P00720,T151S,66.03,0.93
P00720,T151S,66.08,0.93
P00720,T152A,61.3,-4.0
P00720,T152C,63.9,-1.4
P00720,T152I,64.3,-1.0
P00720,T152S,47.5,-6.6
P00720,T152S,59.8,-5.5
P00720,T152V,66.1,0.8
P00720,T157A,36.6,-5.4
P00720,T157C,37.1,-4.9
P00720,T157D,37.8,-4.2
P00720,T157E,36.2,-5.8
P00720,T157F,32.8,-9.2
P00720,T157G,37.8,-4.2
P00720,T157H,34.1,-7.9
P00720,T157I,31.0,-11.0
P00720,T157I,40.6,-11.0
P00720,T157I,57.0,-5.8
P00720,T157I,61.5,-3.0
P00720,T157L,37.0,-5.0
P00720,T157N,40.3,-1.7
P00720,T157R,36.9,-5.1
P00720,T157S,39.5,-2.5
P00720,T157V,36.0,-6.0
P00720,T26Q,64.4,-0.9
P00720,T26S,63.54,1.35
P00720,T26S,66.45,1.35
P00720,T26S,66.5,1.35
P00720,T59A,30.9,-10.1
P00720,T59A,59.0,-4.0
P00720,T59D,37.9,-3.1
P00720,T59D,59.9,-3.1
P00720,T59G,33.7,-7.7
P00720,T59G,58.9,-4.1
P00720,T59N,38.9,-2.1
P00720,T59N,60.2,-2.8
P00720,T59S,38.4,-2.6
P00720,T59S,62.6,-0.4
P00720,T59V,31.0,-10.0
P00720,T59V,59.0,-4.0
P00720,V103A,45.1,-6.6
P00720,V103A,60.9,-4.4
P00720,V103I,64.0,-1.5
P00720,V103M,62.2,-3.1
P00720,V111A,48.0,-3.7
P00720,V111A,62.4,-2.9
P00720,V111A,62.6,-2.9
P00720,V111F,46.99,-4.77
P00720,V111F,60.26,-4.63
P00720,V111I,49.44,-2.32
P00720,V111I,62.29,-2.6
P00720,V111M,63.3,-2.0
P00720,V131A,41.25,1.0
P00720,V131A,41.8,1.0
P00720,V131A,42.03,0.56
P00720,V131A,52.0,0.9
P00720,V131A,53.74,0.66
P00720,V131A,54.14,0.72
P00720,V131A,67.38,0.87
P00720,V131D,53.3,0.22
P00720,V131E,53.6,0.52
P00720,V131G,51.28,-1.8
P00720,V131I,53.49,0.41
P00720,V131L,53.31,0.23
P00720,V131M,53.4,0.32
P00720,V131S,52.96,-0.12
P00720,V131T,41.06,-0.41
P00720,V131T,50.95,-0.1
P00720,V131T,52.75,-0.33
P00720,V149A,40.7,-11.0
P00720,V149A,56.3,-9.0
P00720,V149A,56.4,-8.9
P00720,V149C,49.0,-5.1
P00720,V149C,59.8,-5.5
P00720,V149G,50.0,-15.3
P00720,V149I,65.2,-0.3
P00720,V149I,65.25,-0.05
P00720,V149M,57.5,-7.8
P00720,V149S,52.1,-13.2
P00720,V149T,41.47,-10.08
P00720,V149T,57.0,-8.3
P00720,V71A,47.0,-4.7
P00720,V75T,47.85,-3.7
P00720,V87A,46.8,-4.9
P00720,V87A,61.0,-4.3
P00720,V87I,64.7,-0.8
P00720,V87M,59.0,-6.3
P00720,V87T,47.0,-4.55
P00720,V94A,46.7,-5.0
P00720,W138Y,34.0,-3.0
P00720,W138Y,36.3,-6.3
P00749,W50F,50.8,-24.8
P00750,V280I,64.8,0.5
P00750,V280M,54.4,-9.9
P00750,V280T,60.0,-4.3
P00750,W277F,58.5,-17.1
P00750,W277H,56.6,-19.0
P00750,W277S,56.6,-19.0
P00750,W277Y,63.3,-12.3
P00750,W288F,71.9,-1.7
P00750,W288L,71.7,-3.7
P00750,W288S,73.7,-3.5
P00750,W288Y,73.0,-2.4
P00750,Y290A,64.5,-11.1
P00750,Y290A,74.8,10.3
P00750,Y290E,59.5,-16.1
P00750,Y290E,70.1,10.6
P00750,Y290F,66.7,-8.9
P00750,Y290F,81.5,14.8
P00750,Y290K,61.7,-13.9
P00750,Y290K,71.2,9.5
P00750,Y290L,65.3,-10.3
P00750,Y290L,73.5,8.2
P00750,Y290Q,64.3,-11.3
P00750,Y290Q,85.2,20.9
P00750,Y290W,64.8,-10.8
P00750,Y290W,79.5,14.7
P00782,G276A,59.6,1.1
P00782,M157F,60.3,1.8
P00782,N183D,60.2,1.7
P00782,N325A,75.0,-3.3
P00782,N325S,62.5,4.0
P00782,N325S,80.7,2.4
P00782,Q313C,63.2,4.7
P00782,S194C,57.2,-1.7
P00782,T129C,56.4,-2.5
P00782,Y324K,61.2,2.7
P00883,D129A,45.0,-10.7
P00883,D129A,46.8,-11.9
P00883,D129G,44.0,-11.7
P00883,D129G,46.0,-12.7
P00883,D129N,45.6,-10.1
P00883,D129N,47.0,-11.7
P00883,D129Q,45.9,-9.8
P00883,D129Q,47.1,-11.6
P00883,D129V,43.9,-11.8
P00883,D129V,46.5,-12.2
P00889,D402E,56.8,-1.1
P00889,D402G,62.5,4.6
P00889,D402N,63.7,5.8
P00889,D402Q,69.0,11.1
P00889,H301G,56.0,-1.9
P00889,H301R,56.8,-1.1
P00918,E233P,57.9,0.8
P00918,G144R,54.0,-10.0
P00918,G144R,57.0,-4.0
P00918,H94Y,46.0,-15.0
P00918,H94Y,48.0,-16.0
P00918,K169P,55.7,-1.4
P00918,Y7D,52.0,-7.5
P00918,Y7F,55.8,-3.7
P00918,Y7I,51.8,-7.7
P00918,Y7N,51.8,-7.7
P00918,Y7W,52.0,-7.5
P00929,C118S,41.0,-5.0
P00943,H13N,77.0,1.0
P00943,K14G,73.0,-3.0
P00974,D38A,40.6,1.4
P00974,D85A,36.6,-2.6
P00974,E42A,28.0,-11.2
P00974,E84A,37.9,-1.3
P00974,F39A,18.0,-21.0
P00974,F57A,24.5,-14.7
P00974,F57A,78.0,-9.0
P00974,F68A,77.7,-16.5
P00974,F80A,49.0,-38.0
P00974,G47A,26.1,-13.1
P00974,G47A,78.1,-16.1
P00974,G63A,31.9,-7.3
P00974,G71A,23.8,-15.4
P00974,G71A,82.5,-11.7
P00974,G71S,67.9,-4.5
P00974,G91A,37.8,-1.4
P00974,G92A,37.7,-1.5
P00974,I53A,28.3,-10.9
P00974,I53A,94.4,0.2
P00974,I54A,24.1,-15.1
P00974,I54A,89.4,-4.8
P00974,K50D,61.4,11.0
P00974,K50F,56.3,5.9
P00974,K50H,61.5,11.1
P00974,K50M,58.8,8.4
P00974,K50R,59.2,8.8
P00974,K50T,60.1,9.7
P00974,K50W,54.4,4.0
P00974,K61A,39.1,-0.1
P00974,K76A,36.2,-3.0
P00974,K81A,39.8,0.6
P00974,K81A,94.2,0.0
P00974,L41A,34.6,-4.6
P00974,L64A,39.5,0.3
P00974,M87A,27.1,-12.1
P00974,N59A,23.4,-15.8
P00974,N78G,55.0,-32.0
P00974,N79A,15.0,-29.0
P00974,N79G,66.0,-21.0
P00974,P43A,36.7,-2.5
P00974,P44A,33.7,-5.5
P00974,P48A,30.2,-9.0
P00974,P48A,94.2,0.0
P00974,Q66A,31.7,-7.5
P00974,R36A,35.3,-3.9
P00974,R52A,37.3,-1.9
P00974,R52A,89.5,-4.7
P00974,R55A,26.0,-13.2
P00974,R55A,94.2,0.0
P00974,R74A,39.2,0.0
P00974,R74A,94.2,0.0
P00974,R77A,35.6,-3.6
P00974,R88A,38.3,-0.9
P00974,S82A,27.3,-11.9
P00974,T46A,39.0,-0.2
P00974,T46A,93.9,-0.3
P00974,T67A,38.8,-0.4
P00974,V69A,30.2,-9.0
P00974,V69A,94.2,0.0
P00974,Y45A,30.2,-9.0
P00974,Y58A,54.0,-33.0
P00974,Y70A,30.9,-8.3
P00974,Y70A,78.0,-16.2
P00974,Y70G,69.0,-18.0
P01006,D114N,42.28,-2.17
P01006,D114N,44.81,0.88
P01006,D114N,45.15,-0.2
P01006,D114N,46.33,-1.29
P01006,D114N,47.34,-1.43
P01006,D114N,49.9,-2.28
P01006,D114N,50.23,-1.03
P01006,D114N,51.31,-2.07
P01006,D114N,51.32,-2.3
P01006,D114N,51.39,-1.95
P01006,D114N,82.28,2.06
P01006,D114N,82.58,1.88
P01006,D114N,83.09,1.07
P01006,M104A,55.02,1.66
P01006,M104A,80.88,0.18
P01006,M104A,83.37,1.16
P01006,M104D,56.82,3.46
P01006,M104D,83.29,2.59
P01006,M104D,85.29,3.08
P01006,M104E,54.34,0.98
P01006,M104E,81.76,1.06
P01006,M104E,84.2,1.99
P01006,M104G,52.66,-0.7
P01006,M104G,79.83,-0.87
P01006,M104G,82.02,-0.19
P01006,M104I,51.05,-2.31
P01006,M104I,78.28,-2.42
P01006,M104I,80.43,-1.78
P01006,M104K,57.07,3.71
P01006,M104K,80.87,0.17
P01006,M104K,82.86,0.65
P01006,M104L,52.93,-0.43
P01006,M104L,79.65,-1.05
P01006,M104L,81.75,-0.46
P01006,M104V,51.96,-1.4
P01006,M104V,78.95,-1.75
P01006,M104V,81.04,-1.17
P01006,M134G,66.3,-14.4
P01006,M134G,68.6,-13.57
P01006,M134I,46.1,-7.3
P01006,M134I,75.9,-4.8
P01006,M134I,78.3,-3.9
P01006,M134L,55.8,2.35
P01006,M134L,80.2,-0.48
P01006,M134L,82.5,0.3
P01006,M134V,49.1,-4.3
P01006,M134V,76.4,-4.33
P01006,M134V,78.6,-3.6
P01006,V44A,67.0,-13.7
P01006,V44A,69.0,-13.2
P01006,V44F,68.3,-12.4
P01006,V44F,69.1,-13.5
P01006,V44G,54.5,-27.7
P01006,V44G,55.3,-25.4
P01006,V44I,78.9,-1.83
P01006,V44I,79.8,-2.4
P01006,V44L,75.4,-5.3
P01006,V44L,77.7,-4.5
P01008,N167A,58.0,-1.0
P01009,K355F,64.0,6.0
P01009,K355I,61.0,3.0
P01009,K355T,57.0,-1.0
P01009,K355V,62.0,4.0
P01009,S354R,52.0,-4.0
P01009,W218F,59.1,-0.5
P01009,W262F,57.9,-1.7
P01012,R143A,69.8,0.0
P01012,R143A,75.6,-3.3
P01012,S165A,70.8,1.0
P01012,S165A,75.6,-3.3
P01012,S237A,70.4,0.6
P01012,S237A,79.3,0.4
P01012,S321A,69.3,-0.5
P01012,S321A,73.8,-5.1
P01051,V14A,31.8,-12.7
P01051,V14A,42.4,-11.3
P01051,V14A,46.2,-10.8
P01051,V14A,53.2,-9.9
P01051,V14A,58.2,-9.4
P01051,V14A,72.8,-7.3
P01051,V54A,27.6,-16.9
P01051,V54A,38.7,-15.0
P01051,V54A,42.7,-14.3
P01051,V54A,49.7,-13.4
P01051,V54A,54.7,-12.9
P01051,V54A,68.9,-11.2
P01053,E34N,42.8,-3.8
P01053,F70L,32.5,-14.1
P01053,I40V,31.8,-14.8
P01053,I40V,57.7,-6.3
P01053,I40V,67.3,-6.5
P01053,I77V,47.7,1.1
P01053,I77V,65.4,1.4
P01053,K37A,34.0,-12.6
P01053,K38G,35.8,-10.8
P01053,K44A,40.8,-5.8
P01053,L28A,24.1,-22.5
P01053,L28A,48.5,-15.5
P01053,L52V,46.1,-0.5
P01053,S32A,38.2,-8.4
P01053,T23A,43.7,-2.9
P01053,V39A,41.9,-4.7
P01053,V39A,61.1,-2.9
P01053,V54A,43.8,-2.8
P01053,V54T,38.3,-8.3
P01053,V71A,29.8,-16.8
P01053,V71A,51.3,-12.7
P01236,G157D,84.25,3.1
P01236,G157F,93.85,12.7
P01236,G157L,96.85,15.7
P01236,G157N,89.85,8.7
P01236,G157P,70.85,-10.3
P01236,G157R,78.95,-2.2
P01236,G157V,100.85,19.7
P01236,G157Y,96.85,15.7
P01857,K243E,64.9,-0.8
P01857,K243E,80.4,2.3
P01857,K243E,85.1,2.5
P01857,K243Q,65.4,-0.3
P01857,K243Q,81.6,3.4
P01857,K243Q,85.7,3.1
P01857,K275R,64.7,-1.0
P01857,K275R,79.1,0.9
P01857,K275R,84.4,1.8
P01857,L125C,72.6,20.0
P01857,N304D,65.4,-0.3
P01857,N304D,79.5,1.4
P01857,N304D,84.2,1.6
P01857,Q230E,64.9,-0.8
P01857,Q230E,81.6,3.5
P01857,Q230E,86.4,3.8
P01857,Q301L,65.0,-0.7
P01857,Q301L,81.0,2.9
P01857,Q301L,86.3,3.7
P01857,Q321K,64.0,-1.7
P01857,Q321K,80.4,2.3
P01857,Q321K,85.2,2.6
P01857,Q321R,64.1,-1.6
P01857,Q321R,79.5,1.4
P01857,Q321R,83.9,1.3
P01857,S237P,65.1,-0.6
P01857,S237P,80.0,1.9
P01857,S237P,85.8,3.2
P01857,S283F,65.3,-0.4
P01857,S283F,80.1,2.0
P01857,S283F,85.4,2.8
P01857,S307T,65.2,-0.5
P01857,S307T,81.0,2.9
P01857,S307T,85.9,3.3
P01857,T320I,64.4,-1.3
P01857,T320I,80.2,2.0
P01857,T320I,84.3,1.7
P01857,V146A,63.1,-2.6
P01857,V146A,77.5,-0.6
P01857,V146A,82.2,-0.4
P02417,D23A,63.0,7.0
P02417,D23A,72.0,-5.0
P02417,D23N,57.0,1.0
P02417,D23N,67.0,-10.0
P02417,K12M,81.6,16.3
P02417,K12M,85.5,7.9
P02522,W151C,38.1,-18.7
P02522,W59C,46.8,-10.0
P02549,A2023V,60.5,-2.0
P02549,G46V,52.8,-1.8
P02549,I24S,53.2,-1.4
P02549,I24T,54.4,-0.2
P02549,R28C,55.6,1.0
P02549,R28H,53.6,-1.0
P02549,R28L,53.1,-1.5
P02549,R28S,53.3,-1.3
P02549,R34W,49.1,-5.5
P02549,R45S,55.1,0.5
P02549,R45T,54.6,0.0
P02549,V31A,54.5,-0.1
P02549,W2024R,46.5,-16.0
P02549,W2061R,57.5,-5.0
P02625,A22P,37.3,-8.5
P02625,A22P,50.0,5.8
P02625,H27P,51.4,5.6
P02625,K81S,44.5,-1.3
P02625,P22A,50.4,-3.2
P02625,P27A,50.4,-3.2
P02640,F797A,41.7,-32.7
P02640,F801A,48.8,-25.6
P02640,L42A,60.4,-14.0
P02640,L61A,45.3,-29.1
P02640,L69A,55.3,-19.1
P02640,L75A,67.2,-7.2
P02640,S793A,65.0,-9.4
P02640,T804V,61.6,-12.8
P02640,V800A,67.0,-7.4
P02640 ,D794N,51.3,51.3
P02640 ,D796N,49.7,49.7
P02640 ,E795Q,52.7,52.7
P02640 ,E822Q,50.4,50.4
P02647,L165R,57.0,-2.0
P02649,L46P,48.5,-3.3
P02753,R157Q,56.5,-12.4
P02753,W109H,68.4,-0.5
P02753,W123F,66.7,-2.2
P02753,W42F,56.9,-12.0
P02753,W42L,56.6,-12.3
P02753,W42Y,57.9,-11.0
P02925,A213C,56.0,-6.6
P02925,D114A,57.2,-6.5
P02925,D114A,58.2,0.7
P02925,D240A,51.2,-6.3
P02925,D240A,51.3,-12.4
P02925,F189A,51.7,-5.8
P02925,F189A,53.3,-10.4
P02925,F239A,46.0,-17.7
P02925,F239A,48.0,-9.5
P02925,F40A,52.5,-5.0
P02925,F40A,54.2,-9.5
P02925,F41A,57.4,-6.3
P02925,F41A,58.9,1.4
P02925,I157A,57.3,-0.2
P02925,I157A,61.2,-2.5
P02925,L87C,54.0,-8.6
P02925,N215A,49.4,-8.1
P02925,N215A,51.5,-12.2
P02925,N38A,58.2,0.7
P02925,N38A,60.1,-3.6
P02925,N89A,52.9,-4.6
P02925,N89A,53.9,-9.8
P02925,Q260A,58.2,0.7
P02925,Q260A,58.9,-4.8
P02925,S128A,57.8,0.3
P02925,S128A,60.7,-3.0
P03023,K84I,93.0,40.0
P03023,K84L,93.0,40.0
P03023,K84M,93.0,40.0
P03034,A50V,38.5,-13.0
P03034,A67T,29.0,-22.5
P03034,E11A,55.0,-2.0
P03034,E11V,55.0,-2.0
P03034,E24A,52.0,-5.0
P03034,E24V,53.0,-4.0
P03034,G47A,56.5,3.1
P03034,G49A,58.1,4.7
P03034,G49N,57.5,4.1
P03034,G49S,57.4,4.0
P03034,I85S,37.2,-14.3
P03034,K5Q,53.5,2.0
P03034,L13A,53.0,-4.0
P03034,L13V,55.0,-2.0
P03034,L58A,20.0,-34.0
P03034,L58C,35.0,-19.0
P03034,L58P,39.0,-15.0
P03034,M41A,47.1,-8.6
P03034,P79A,48.0,-7.0
P03034,Q34Y,57.4,5.9
P03034,Q45Y,51.4,-0.1
P03034,T9A,52.0,-5.0
P03034,T9V,52.0,-5.0
P03034,V37I,59.1,3.4
P03034,Y23H,28.8,-22.7
P03034,Y86C,50.0,1.0
P03034,Y89C,62.7,8.8
P03040,A36S,41.0,1.0
P03040,Q16L,54.0,14.0
P03040,Y26C,51.0,11.5
P03040,Y26D,54.0,14.5
P03040,Y26H,49.5,10.0
P03040,Y26L,46.0,6.5
P03040,Y26Q,47.0,7.5
P03040,Y26V,44.5,5.0
P03040,Y26W,37.5,-2.0
P03050,D20A,55.3,-3.7
P03050,E17A,57.0,-2.0
P03050,E27A,58.8,-0.2
P03050,E28A,55.7,-2.2
P03050,E43A,56.1,-2.9
P03050,E48A,43.2,-14.7
P03050,E48A,58.4,1.6
P03050,F10A,40.6,-19.6
P03050,G30A,47.9,-10.0
P03050,G3A,58.1,-0.9
P03050,G49A,48.7,-9.2
P03050,G52A,60.9,3.0
P03050,I51A,50.9,-7.0
P03050,K24A,56.3,-1.6
P03050,K24T,44.0,-10.0
P03050,K2A,58.7,-0.3
P03050,K47A,47.2,-10.7
P03050,K6A,59.6,0.6
P03050,L12A,42.3,-15.6
P03050,L19A,48.3,-11.7
P03050,L19Q,35.0,-19.0
P03050,L21A,39.6,-18.3
P03050,M1A,58.0,-1.0
P03050,M42A,35.6,-22.3
P03050,M4A,59.2,0.2
P03050,N11A,62.1,3.1
P03050,N29A,45.3,-12.6
P03050,N29A,59.3,2.5
P03050,N34A,63.0,5.1
P03050,P15A,46.6,-11.3
P03050,P8A,74.1,15.1
P03050,P8L,67.3,13.9
P03050,Q39A,61.4,3.5
P03050,R13A,57.3,-1.7
P03050,R16A,59.5,0.5
P03050,R23A,56.7,-1.2
P03050,R31A,37.1,-20.8
P03050,R40A,31.2,-26.7
P03050,R50A,47.9,-10.0
P03050,S32A,33.5,-24.4
P03050,S35A,63.4,4.4
P03050,V18A,56.9,-2.1
P03050,V25A,59.3,0.3
P03050,W14A,31.5,-26.4
P03050,Y38A,33.0,-24.9
P03051,D30A,71.2,2.5
P03051,D30C,74.0,5.3
P03051,D30E,74.9,6.2
P03051,D30F,68.3,-0.4
P03051,D30H,74.5,5.8
P03051,D30I,63.4,-5.3
P03051,D30K,74.6,5.9
P03051,D30L,68.4,-0.3
P03051,D30M,72.7,4.0
P03051,D30N,73.8,5.1
P03051,D30P,58.9,-9.8
P03051,D30Q,79.1,10.4
P03051,D30R,74.0,5.3
P03051,D30S,74.7,6.0
P03051,D30T,66.6,-2.1
P03051,D30V,66.6,-2.1
P03051,D30W,65.9,-2.8
P03051,D30Y,70.4,1.7
P03051,L41A,52.9,-18.1
P03051,L41V,65.3,-5.7
P03661,F217L,40.2,-14.05
P03661,G73A,41.0,-13.25
P03661,I78V,38.9,-15.350000000000001
P03661,N57K,43.3,-10.95
P03661,P83H,37.3,-16.95
P03661,Q147H,38.8,4.2
P03661,R47W,33.7,-15.85
P03661,R47W,50.7,2.2999999999999994
P03661,R47W,65.6,3.8
P03661,R47W,73.9,12.1
P03661,R47W,75.9,14.1
P03661,S225L,39.5,-14.75
P03661,T31I,67.9,5.5
P03661,T74I,38.1,-16.15
P03706,H48N,30.1,-22.2
P04156 ,T183A,44.7,-26.6
P04164,M69A,93.0,-2.0
P04164,M69H,99.0,4.0
P04179,I82T,56.4,-13.6
P04179,Q167A,79.8,-9.1
P04179,Q167E,103.0,14.1
P04179,Q167H,88.9,0.0
P04179,Q167N,57.4,-31.5
P04179,Q167N,85.3,15.3
P04179,Q167N,90.7,1.8
P04179,Q167S,94.9,6.0
P04179,Q167V,68.2,-20.7
P04179,Y58F,85.9,15.9
P04179,Y58F,95.6,6.7
P04275,G1324A,53.85,3.65
P04275,G1324S,55.5,5.3
P04578,A578D,53.0,-13.0
P04578,A578G,62.0,-4.0
P04578,A578S,58.0,-8.0
P04637,G334V,48.0,-24.0
P04789,C14F,46.5,-4.9
P04925,E195K,58.5,-1.3
P04925,E195K,64.4,-2.3
P04925,E195K,64.8,-1.5
P04925,F197H,54.1,-5.7
P04925,F197H,55.6,-10.7
P04925,F197H,57.0,-9.7
P04925,H186R,61.0,1.2
P04925,H186R,62.0,-4.3
P04925,H186R,62.7,-4.0
P04925,H186Y,66.9,7.1
P04925,H186Y,70.1,3.8
P04925,H186Y,70.9,4.2
P04925,L108F,69.6,-9.2
P04925,T189V,69.6,-9.2
P04925,T191A,70.3,-8.5
P04925,T191P,74.3,-4.5
P04925,T191V,69.4,-9.4
P04925,Y154H,59.9,0.1
P04925,Y154H,67.9,1.2
P04925,Y154H,69.1,2.8
P05121,E373P,50.7,0.5
P05121,E373R,49.7,-0.5
P05121,R53E,47.6,-2.6
P05230,C132S,37.45,-2.0
P05230,C98S,26.45,-13.0
P05230,F100W,39.45,-0.3
P05230,F123Y,41.4,1.6
P05230,F123Y,42.3,1.6
P05230,H108G,46.75,7.3
P05230,H36Y,42.5,1.8
P05230,H36Y,43.4,3.6
P05230,K127A,39.6,0.2
P05230,K127A,39.8,0.9
P05230,K127A,40.0,0.3
P05230,K127A,43.7,10.4
P05230,K127E,38.5,15.6
P05230,K127E,39.4,0.4
P05230,K127E,40.1,0.2
P05230,K127E,41.0,-0.3
P05230,K127N,42.6,-2.8
P05230,K127N,43.2,-2.5
P05230,K127N,43.8,-3.5
P05230,K127N,46.5,7.6
P05230,K133A,37.3,3.4
P05230,K133A,39.0,0.8
P05230,K133A,39.6,0.7
P05230,K133A,40.7,13.4
P05230,K133E,37.4,16.7
P05230,K133E,38.5,1.3
P05230,K133E,39.4,0.9
P05230,K133E,40.3,0.4
P05230,K133N,28.0,11.8
P05230,K133N,28.5,11.8
P05230,K133N,29.9,10.8
P05230,K133N,33.5,20.6
P05230,L59F,41.3,1.5
P05230,L59F,42.85,3.1
P05230,L59F,42.9,2.2
P05230,L59P,43.05,3.0
P05230,L88V,31.55,-8.5
P05230,V124I,39.5,-0.3
P05230,V124I,40.3,-0.4
P05230,V124L,36.75,-3.3
P05798,D33A,31.8,-16.0
P05798,D79A,38.6,-1.3
P05798,D79A,50.4,11.7
P05798,D79A,57.0,9.2
P05798,D79E,47.0,-0.8
P05798,D79F,38.5,-1.4
P05798,D79F,51.8,13.1
P05798,D79F,57.8,10.0
P05798,D79H,53.4,5.6
P05798,D79I,57.4,9.6
P05798,D79K,55.4,7.6
P05798,D79L,56.6,8.7
P05798,D79N,35.1,-4.8
P05798,D79N,46.3,7.6
P05798,D79N,53.4,5.5
P05798,D79W,55.4,7.6
P05798,D79Y,57.4,9.6
P05798,E41K,46.5,-2.5
P05798,E41K,50.5,-5.1
P05798,E54Q,43.1,-5.9
P05798,E54Q,47.7,-7.9
P05798,E74K,52.1,3.1
P05798,E74K,56.0,0.4
P05798,H85Q,49.1,0.1
P05798,H85Q,55.5,-0.1
P05798,N39A,40.8,-7.6
P05798,N39D,23.3,-4.7
P05798,N39D,43.2,-5.2
P05798,Q38A,52.5,3.5
P05798,Q38A,56.9,1.3
P05798,Q94K,40.8,0.9
P05798,Q94K,42.3,3.6
P05798,Q94K,48.6,0.8
P05798,T16V,49.4,1.0
P05798,T18V,43.7,-4.7
P05798,T56V,42.1,-6.3
P05798,T59V,42.8,-5.6
P05798,T5V,48.4,0.0
P05798,T67V,48.3,-0.1
P05798,T72V,47.6,-0.8
P05798,T82V,42.7,-5.7
P05798,V2T,45.2,-3.2
P05798,V36T,43.8,-4.6
P05798,V43T,46.8,-1.6
P05798,V57T,33.4,-15.0
P06182,N57I,63.7,17.2
P06241,A122F,58.2,-21.9
P06241,A122G,68.1,-12.0
P06241,A122L,48.4,-31.7
P06241,A122S,53.2,-26.9
P06241,A122V,79.5,-0.6
P06241,A89F,39.4,-40.7
P06241,A89G,61.5,-18.6
P06241,A89L,50.8,-29.3
P06241,A89S,67.5,-12.6
P06241,A89V,38.6,-41.5
P06241,E107A,72.5,-7.6
P06241,E107D,82.2,2.1
P06241,E107F,66.6,-13.5
P06241,E107H,73.6,-6.5
P06241,E107I,55.2,-24.9
P06241,E107K,73.5,-6.6
P06241,E107L,53.0,-27.1
P06241,E107P,64.2,-15.9
P06241,E107Q,74.1,-6.0
P06241,E107S,67.8,-12.3
P06241,E107T,74.4,-5.7
P06241,E107V,65.8,-14.3
P06241,E107Y,61.2,-18.9
P06241,F103A,57.8,-22.3
P06241,F103L,69.2,-10.9
P06241,F103S,39.2,-40.9
P06241,F103V,71.7,-8.4
P06241,F109I,68.5,-11.6
P06241,F109L,77.5,-2.6
P06241,F109V,63.4,-16.7
P06241,F87A,71.2,-8.9
P06241,F87L,65.5,-14.6
P06241,F87S,52.9,-27.2
P06241,F87V,78.8,-1.3
P06241,I111A,53.0,-27.1
P06241,I111F,57.5,-22.6
P06241,I111L,72.9,-7.2
P06241,I111S,46.6,-33.5
P06241,I111V,77.9,-2.2
P06241,I133F,45.3,-34.8
P06241,I133L,75.2,-4.9
P06241,I133V,77.9,-2.2
P06241,L101A,36.3,-43.8
P06241,L101F,74.6,-5.5
P06241,L101I,78.8,-1.3
P06241,L101S,37.1,-43.0
P06241,L101V,69.4,-10.7
P06241,S124A,73.9,-6.2
P06241,S124D,59.4,-20.7
P06241,S124F,61.4,-18.7
P06241,S124G,58.6,-21.5
P06241,S124H,74.8,-5.3
P06241,S124I,73.3,-6.8
P06241,S124K,85.5,5.4
P06241,S124L,75.6,-4.5
P06241,S124N,77.5,-2.6
P06241,S124R,82.6,2.5
P06241,S124T,65.6,-14.5
P06241,S124V,70.3,-9.8
P06241,V138A,63.0,-17.1
P06241,V138F,73.0,-7.1
P06241,V138I,79.9,-0.2
P06241,V138I,81.0,0.9
P06241,V138L,79.9,-0.2
P06241,V138L,81.0,0.9
P06241,W120A,58.5,-21.6
P06241,W120F,75.7,-4.4
P06241,W120L,76.9,-3.2
P06241,W120S,54.5,-25.6
P06241,W120V,71.8,-8.3
P06547,S317A,63.0,3.5
P06547,S317A,78.0,12.2
P06654,A249P,88.2,-1.4
P06654,A250P,85.0,-4.6
P06654,A252P,45.0,-32.0
P06654,A274P,82.8,-6.8
P06654,D248G,63.0,-14.0
P06654,D262P,68.6,-21.0
P06654,F256H,35.0,-53.0
P06654,G235P,72.6,-17.0
P06654,T228P,83.0,-6.6
P06654,T251P,68.7,-20.9
P06654,T279C,63.99,6.94
P06654,T279D,50.91,-6.14
P06654,T279F,67.68,10.63
P06654,T279G,45.95,-11.1
P06654,T279H,60.96,3.91
P06654,T279I,67.78,10.73
P06654,T279L,62.47,5.42
P06654,T279M,64.26,7.21
P06654,T279N,61.88,4.83
P06654,T279Q,60.9,3.85
P06654,T279R,62.41,5.36
P06654,T279V,65.47,8.42
P06654,T279W,65.73,8.68
P06654,T279Y,68.67,11.62
P06654,T279Y,69.22,12.17
P06654,V247P,95.8,6.2
P06654,V255P,67.0,-22.6
P06876,V103A,2.8,-36.8
P06876,V103I,46.6,7.0
P06876,V103L,56.0,1.0
P06876,V103L,62.0,22.4
P06876,V103L,66.0,19.0
P06996,D126G,69.5,-0.4
P06996,D126G,80.2,-7.3
P06996,D126G,81.53,-5.44
P06996,R95A,68.7,-1.2
P06996,R95A,80.8,-6.7
P06996,R95A,81.31,-5.66
P07017,A438V,53.7,3.1
P07017,E303K,51.5,0.9
P07017,S327L,50.0,-0.6
P07017,T313I,50.8,0.2
P07017,V348M,50.3,-0.3
P07017,V435I,51.2,0.6
P07170,I215F,40.0,-7.7
P07170,N171D,47.1,-0.6
P07170,T79H,46.6,-1.1
P07170,V10I,46.2,-1.5
P07320,G61C,69.6,-7.0
P07320,G61C,73.9,-6.1
P07751,A1019E,50.1,-4.25
P07751,A1019G,49.3,-5.05
P07751,A1019K,53.3,-1.05
P07751,D1011G,45.15,11.3
P07751,D1011G,51.45,4.6
P07751,D1011G,60.25,2.4
P07751,D1011G,70.75,7.9
P07751,N1010A,36.8,-6.3
P07751,N1010A,40.0,-9.5
P07751,N1010A,49.5,-2.9
P07751,N1010A,50.9,-3.0
P07751,N1010A,51.2,-3.6
P07751,N1010A,55.4,-3.5
P07845,A8D,72.0,5.0
P07845,F106L,66.0,-1.0
P07845,F14Y,55.0,-12.0
P07845,K67E,55.0,-12.0
P07845,N144S,55.0,-12.0
P08038,N70Q,52.6,-0.3
P08038,N72K,53.7,0.8
P08168,A307G,57.3,-6.9
P08168,D296A,59.4,-4.8
P08168,D303A,55.2,-9.0
P08168,F13A,57.4,-6.8
P08168,F375A,63.3,-0.9
P08168,F377A,66.0,1.8
P08168,F380A,55.2,-9.0
P08168,G144A,59.8,-4.4
P08168,G297A,52.6,-11.6
P08168,K298A,64.3,0.1
P08168,L111A,61.0,-3.2
P08168,L173A,62.4,-1.8
P08168,R171A,60.2,-4.0
P08168,R175A,52.5,-11.7
P08168,R291A,63.1,-1.1
P08168,R382A,61.8,-2.4
P08168,R66A,58.5,-5.7
P08168,T304A,60.3,-3.9
P08168,V11A,61.6,-2.6
P08168,V247A,54.3,-9.9
P08168,V376A,62.4,-1.8
P08168,V44A,64.1,-0.1
P08168,Y25A,61.3,-2.9
P08821,E15G,60.4,11.8
P08821,I42V,52.6,4.0
P08821,S27A,54.2,5.6
P08877,G49A,75.8,3.2
P08877,G49E,78.1,5.5
P08877,G49K,68.1,-4.5
P09372,E53G,50.0,-3.0
P09372,E53G,81.0,-2.0
P09372,G122D,50.0,-3.0
P09372,G122D,54.0,0.0
P09372,G122D,81.0,-2.0
P09372,G122D,84.0,0.0
P0A115,K154D,53.9,2.7
P0A115,K154D,54.4,2.9
P0A115,Q110L,51.8,0.6
P0A115,Q110L,52.5,1.0
P0A115,Y137C,49.3,-1.9
P0A115,Y137C,50.8,-0.7
P0A3D9,D127K,46.85,8.0
P0A3D9,V19I,44.85,0.7
P0A3D9,V19I,57.15,1.3
P0A3D9,V19L,44.55,0.4
P0A3D9,V19L,56.35,0.5
P0A3D9,V84I,44.45,0.3
P0A3D9,V84I,55.75,-0.1
P0A3E0,A102V,48.65,5.4
P0A3E0,A85G,39.85,-4.3
P0A3E0,A85G,50.45,-5.4
P0A3E0,D151K,32.65,-6.2
P0A3E0,D151K,44.05,-0.1
P0A3E0,D151K,53.75,0.9
P0A3E0,D151K,56.45,0.6
P0A3E0,D44A,44.55,0.4
P0A3E0,D44A,56.45,0.6
P0A3E0,D66K,42.05,-2.1
P0A3E0,D66K,56.05,0.2
P0A3E0,D76K,41.65,2.8
P0A3E0,D76K,44.25,0.1
P0A3E0,D76K,51.05,7.8
P0A3E0,D76K,56.85,4.0
P0A3E0,D76K,61.05,5.2
P0A3E0,E108A,45.95,2.7
P0A3E0,E21K,36.15,-2.7
P0A3E0,E21K,42.65,-1.5
P0A3E0,E21K,48.25,5.0
P0A3E0,E21K,58.05,5.2
P0A3E0,E21K,59.65,3.8
P0A3E0,E41K,43.35,4.5
P0A3E0,E41K,44.75,0.6
P0A3E0,E41K,48.65,5.4
P0A3E0,E41K,59.35,6.6
P0A3E0,E41K,60.35,4.5
P0A3E0,E62K,47.75,3.6
P0A3E0,E62K,58.55,2.7
P0A3E0,E73K,39.65,0.8
P0A3E0,E73K,45.35,1.2
P0A3E0,E73K,49.45,6.2
P0A3E0,E73K,60.45,7.6
P0A3E0,E73K,63.05,7.2
P0A3E0,I105V,40.15,-4.0
P0A3E0,I105V,54.75,-1.1
P0A3E0,I157V,35.65,-8.4
P0A3E0,I157V,47.15,-8.7
P0A3E0,I23A,42.75,-0.5
P0A3E0,I23V,37.85,-6.3
P0A3E0,I23V,51.55,-4.3
P0A3E0,I52V,40.05,-4.1
P0A3E0,I52V,51.15,-4.7
P0A3E0,I53V,42.75,-1.4
P0A3E0,I53V,51.75,-4.1
P0A3E0,L144A,42.65,-1.5
P0A3E0,L144A,55.75,-0.1
P0A3E0,L51A,43.85,0.6
P0A3E0,L7A,32.35,-11.8
P0A3E0,L7A,45.95,-9.9
P0A3E0,N98A,41.75,-2.4
P0A3E0,N98A,55.15,-0.7
P0A3E0,Q112G,46.95,3.7
P0A3E0,S111A,42.45,-1.7
P0A3E0,S111A,55.55,-0.3
P0A3E0,S72A,43.15,-1.0
P0A3E0,S72A,56.15,0.3
P0A3E0,T123S,50.05,5.9
P0A3E0,T123S,57.15,1.3
P0A3E0,V118A,36.15,-8.0
P0A3E0,V118A,49.45,-6.4
P0A3E0,V140A,37.75,-6.4
P0A3E0,V140A,54.35,-1.5
P0A3E0,V19I,48.15,4.9
P0A3E0,V32A,39.45,-4.7
P0A3E0,V32A,51.05,-4.8
P0A3E0,V84I,44.25,1.0
P0A3H0,A27S,58.4,-5.5
P0A3H0,A27S,59.6,-6.2
P0A3H0,E34D,61.6,-2.3
P0A3H0,E34D,63.5,-2.3
P0A3H0,G15E,54.0,-9.9
P0A3H0,G15E,55.7,-10.1
P0A3H0,K38N,61.5,-2.4
P0A3H0,K38N,61.7,-4.1
P0A3H0,M69I,63.9,0.0
P0A3H0,S31T,65.8,1.9
P0A3H0,V42I,59.6,-6.2
P0A3H0,V42I,60.1,-3.8
P0A7Y4,A125T,50.2,0.4
P0A7Y4,A125T,52.0,0.0
P0A7Y4,A24V,52.5,2.4
P0A7Y4,A24V,55.9,3.2
P0A7Y4,A52C,55.5,2.5
P0A7Y4,A52D,46.9,-6.1
P0A7Y4,A52E,48.0,-5.0
P0A7Y4,A52F,51.5,-1.5
P0A7Y4,A52G,44.1,-8.9
P0A7Y4,A52H,41.2,-11.8
P0A7Y4,A52I,59.2,6.2
P0A7Y4,A52K,33.5,-19.5
P0A7Y4,A52L,57.3,4.3
P0A7Y4,A52M,54.6,1.6
P0A7Y4,A52N,47.1,-5.9
P0A7Y4,A52P,47.6,-5.4
P0A7Y4,A52Q,49.1,-3.9
P0A7Y4,A52S,47.2,-5.8
P0A7Y4,A52T,50.3,-2.7
P0A7Y4,A52V,55.6,5.5
P0A7Y4,A52V,58.5,5.5
P0A7Y4,A52V,60.5,7.8
P0A7Y4,A52Y,45.4,-7.6
P0A7Y4,D10A,58.1,8.1
P0A7Y4,D10A,60.7,13.7
P0A7Y4,D10A,62.6,14.8
P0A7Y4,D10E,50.4,3.4
P0A7Y4,D10E,53.8,3.8
P0A7Y4,D10H,51.5,1.5
P0A7Y4,D10H,55.2,8.2
P0A7Y4,D10N,47.4,-2.6
P0A7Y4,D10N,53.8,6.8
P0A7Y4,D10S,52.4,2.4
P0A7Y4,D10S,56.2,9.2
P0A7Y4,D134A,52.9,2.9
P0A7Y4,D134A,53.8,6.8
P0A7Y4,D134A,58.6,5.5
P0A7Y4,D134E,52.4,2.4
P0A7Y4,D134E,56.2,3.1
P0A7Y4,D134H,51.7,1.7
P0A7Y4,D134H,53.6,1.7
P0A7Y4,D134H,59.5,7.0
P0A7Y4,D134H,60.1,7.0
P0A7Y4,D134I,52.3,2.3
P0A7Y4,D134I,57.7,4.6
P0A7Y4,D134L,53.8,3.8
P0A7Y4,D134L,58.6,5.5
P0A7Y4,D134N,49.7,-0.3
P0A7Y4,D134N,53.4,6.4
P0A7Y4,D134N,56.3,3.2
P0A7Y4,D134Q,51.6,1.6
P0A7Y4,D134Q,57.9,4.8
P0A7Y4,D134S,50.9,0.9
P0A7Y4,D134S,57.0,3.9
P0A7Y4,D134T,50.4,0.4
P0A7Y4,D134T,57.0,3.9
P0A7Y4,D134V,51.1,1.1
P0A7Y4,D134V,57.2,4.1
P0A7Y4,D70A,49.7,-0.3
P0A7Y4,D70A,50.8,3.8
P0A7Y4,D70E,47.4,0.4
P0A7Y4,D70E,51.8,1.8
P0A7Y4,D70N,48.8,-1.2
P0A7Y4,D70N,52.5,5.5
P0A7Y4,D94E,49.8,-1.2
P0A7Y4,D94E,52.0,-1.6
P0A7Y4,E119V,50.4,0.3
P0A7Y4,E119V,55.4,2.7
P0A7Y4,E135K,46.4,-3.7
P0A7Y4,E135K,51.9,-0.8
P0A7Y4,E48A,46.0,-1.0
P0A7Y4,E48A,49.8,-0.2
P0A7Y4,E48D,46.2,-0.8
P0A7Y4,E48D,50.8,0.8
P0A7Y4,E48Q,48.0,1.0
P0A7Y4,E48Q,49.8,-0.2
P0A7Y4,G23A,52.4,2.3
P0A7Y4,G23A,53.2,2.3
P0A7Y4,G23A,54.3,1.8
P0A7Y4,G23A,54.5,1.8
P0A7Y4,G77A,46.9,-2.9
P0A7Y4,H114A,42.5,-7.7
P0A7Y4,H114A,47.1,-2.3
P0A7Y4,H124A,50.3,0.1
P0A7Y4,H124A,51.1,1.7
P0A7Y4,H124A,52.7,0.0
P0A7Y4,H127A,50.3,0.9
P0A7Y4,H62A,50.7,1.3
P0A7Y4,H62A,51.2,1.0
P0A7Y4,H62D,52.1,-0.6
P0A7Y4,H62D,52.3,2.2
P0A7Y4,H62P,53.2,3.4
P0A7Y4,H62P,53.5,3.4
P0A7Y4,H62P,54.3,3.4
P0A7Y4,H62P,56.1,4.1
P0A7Y4,H62P,56.6,4.1
P0A7Y4,H62P,56.8,4.1
P0A7Y4,H62R,50.0,-0.1
P0A7Y4,H62R,54.0,1.3
P0A7Y4,H83A,50.0,-0.2
P0A7Y4,H83A,51.5,2.1
P0A7Y4,H83A,52.8,0.1
P0A7Y4,I53A,35.7,-12.1
P0A7Y4,K117R,49.9,-0.2
P0A7Y4,K117R,52.8,0.1
P0A7Y4,K91R,49.8,0.5
P0A7Y4,K91R,52.0,0.1
P0A7Y4,K95A,49.8,0.3
P0A7Y4,K95A,52.0,0.4
P0A7Y4,K95G,49.8,5.7
P0A7Y4,K95G,52.0,6.8
P0A7Y4,K95N,49.8,2.9
P0A7Y4,K95N,52.0,3.2
P0A7Y4,K95N,53.0,2.9
P0A7Y4,K95N,55.9,3.2
P0A7Y4,Q105G,38.2,-9.6
P0A7Y4,Q113P,49.2,-0.6
P0A7Y4,Q113P,49.9,-2.1
P0A7Y4,Q76L,50.9,0.8
P0A7Y4,Q76L,53.8,1.1
P0A7Y4,Q80L,51.1,1.0
P0A7Y4,Q80L,53.5,0.8
P0A7Y4,R27A,42.2,-5.6
P0A7Y4,R41C,50.5,0.4
P0A7Y4,R41C,54.3,1.6
P0A7Y4,S68A,48.3,-1.5
P0A7Y4,S68G,41.8,-8.0
P0A7Y4,S68L,48.2,-1.6
P0A7Y4,S68T,49.1,-0.7
P0A7Y4,S68V,51.7,1.9
P0A7Y4,V74A,39.3,-12.7
P0A7Y4,V74A,42.2,-7.6
P0A7Y4,V74I,52.2,2.4
P0A7Y4,V74I,54.1,2.1
P0A7Y4,V74L,53.5,3.7
P0A7Y4,V74L,54.6,3.7
P0A7Y4,V74L,55.3,3.3
P0A7Y4,V74L,55.8,3.3
P0A877,A67V,56.8,-2.7
P0A877,C118A,49.2,-4.3
P0A877,C118S,45.0,-8.5
P0A877,C118V,49.3,-4.2
P0A877,C154A,50.6,-2.9
P0A877,C154S,45.3,-8.2
P0A877,C154V,50.2,-3.3
P0A877,C81A,51.8,-1.7
P0A877,C81G,48.7,-4.8
P0A877,C81S,49.1,-4.4
P0A877,C81V,49.1,-4.4
P0A877,D112G,54.4,-5.1
P0A877,D112N,56.4,-3.1
P0A877,D56G,57.5,-2.0
P0A877,D60G,56.9,-2.6
P0A877,F114L,56.2,-3.3
P0A877,F22S,60.3,0.8
P0A877,G211E,59.6,1.8
P0A877,G211R,58.0,0.2
P0A877,G51D,55.0,-4.5
P0A877,K109N,52.5,-1.5
P0A877,M101I,63.2,3.7
P0A877,M101T,67.1,7.6
P0A877,M101V,67.1,7.6
P0A877,P132A,51.5,-2.6
P0A877,P132G,51.8,-2.3
P0A877,P207A,47.4,-6.7
P0A877,P28L,54.9,-4.6
P0A877,P28S,53.1,-6.4
P0A877,P53H,56.2,-3.3
P0A877,P53T,55.2,-4.3
P0A877,P57A,54.0,-0.1
P0A877,P62A,52.7,-1.4
P0A877,P62Q,58.9,-0.6
P0A877,P78L,61.4,1.9
P0A877,P78S,57.9,-1.6
P0A877,P96A,47.8,-6.3
P0A877,Q65R,58.9,-0.6
P0A877,S33L,51.9,-7.6
P0A877,S6P,54.3,-5.2
P0A877,T63K,56.2,-3.3
P0A877,Y102C,60.9,1.4
P0A877,Y102H,60.3,0.8
P0A877,Y115C,57.2,-2.3
P0A9X9,S52W,56.0,-3.0
P0A9X9,T68W,63.0,4.0
P0A9X9,Y42W,63.0,4.0
P0AA04,K49A,70.0,6.6
P0AA04,K49D,70.8,7.4
P0AA04,K49E,72.1,9.3
P0AA04,K49G,68.4,5.0
P0AA04,K49M,67.7,4.3
P0AA04,K49N,65.1,1.7
P0AA04,K49Q,69.8,6.4
P0AA04,K49R,62.3,-1.1
P0AA04,K49S,68.4,5.0
P0AA25,L79K,71.6,-13.7
P0AA25,L79R,69.2,-16.1
P0ABQ4,A6I,47.2,-6.9
P0ABQ4,D116F,55.5,1.4
P0ABQ4,D27F,61.7,7.6
P0ABQ4,D87P,51.0,-3.1
P0ABQ4,E120P,55.3,1.2
P0ABQ4,E139V,51.0,-3.1
P0ABQ4,G121A,46.6,-2.7
P0ABQ4,G121C,48.1,-1.2
P0ABQ4,G121D,43.8,-5.5
P0ABQ4,G121H,46.4,-2.9
P0ABQ4,G121L,44.1,-5.2
P0ABQ4,G121S,46.9,-2.4
P0ABQ4,G121V,46.9,-2.4
P0ABQ4,G121Y,43.8,-5.5
P0ABQ4,G15W,51.3,-2.8
P0ABQ4,G43P,51.0,-3.1
P0ABQ4,G67H,48.1,-6.0
P0ABQ4,H114R,54.1,0.0
P0ABQ4,L156Y,51.3,-2.8
P0ABQ4,P39C,41.0,-3.0
P0ABQ4,P39C,42.0,-2.0
P0ABQ4,Q108D,55.7,1.6
P0ABQ4,S135I,54.8,0.7
P0ABQ4,S138Y,55.6,1.5
P0ABQ4,S49E,53.5,-0.6
P0ABQ4,T113V,58.0,3.9
P0ABQ4,T68N,53.0,-1.1
P0ABQ4,T68N,55.5,1.4
P0ABQ4,V119F,54.9,0.8
P0ABQ4,W74F,50.5,-3.6
P0AEX9,P159A,51.9,0.5
P0AEX9,P159A,56.4,0.1
P0AEX9,P159A,60.6,0.1
P0AEX9,P159A,62.5,-0.6
P0AEX9,P159A,63.0,-2.3
P0AEX9,P159S,42.1,-7.1
P0AEX9,P159S,46.7,-5.7
P0AEX9,P159S,51.3,-5.1
P0AEX9,P159S,56.9,-3.6
P0AEX9,P159S,59.7,-3.4
P0AEX9,P159S,62.0,-3.3
P0AEX9,P185A,41.7,-7.5
P0AEX9,P185A,49.0,-3.4
P0AEX9,P185A,52.5,-3.9
P0AEX9,P185A,56.9,-3.6
P0AEX9,P185A,60.1,-3.0
P0AEX9,P185A,62.1,-3.2
P0AEX9,P185S,44.0,-5.2
P0AEX9,P185S,48.0,-4.4
P0AEX9,P185S,50.3,-6.1
P0AEX9,P185S,57.6,-2.9
P0AEX9,P185S,59.5,-3.6
P0AEX9,P185S,61.2,-4.1
P0AEX9,P74A,53.0,0.6
P0AEX9,P74A,56.6,0.2
P0AEX9,P74A,59.2,0.6
P0AEX9,P74A,60.4,-0.1
P0AEX9,P74A,62.6,1.3
P0AEX9,P74A,63.9,0.8
P0AEX9,P74A,64.1,-0.5
P0AEX9,P74A,65.5,0.2
P0AEX9,P74S,49.7,0.5
P0AEX9,P74S,52.1,-0.3
P0AEX9,P74S,56.0,-0.4
P0AEX9,P74S,58.9,0.3
P0AEX9,P74S,60.4,-0.1
P0AEX9,P74S,61.8,0.5
P0AEX9,P74S,63.7,0.6
P0AEX9,P74S,64.9,0.3
P0AEX9,P74S,65.3,0.0
P0C0Y8,G78R,70.8,-1.3
P0C0Y8,L186H,75.0,2.9
P0C0Y8,L65R,72.4,0.3
P0C0Y9,A261W,66.1,-6.0
P0C0Y9,G80H,69.9,-2.2
P0C0Y9,S105R,70.2,-1.9
P0C2S3,E333G,69.4,-1.0
P0C2S3,I293A,67.6,-2.8
P0CG48,K641E,50.6,1.6
P0CG48,K641E,54.1,1.4
P0CG48,K641E,59.4,1.2
P0CG48,K641E,65.5,0.7
P0CG48,K641E,70.9,0.1
P0CG48,K641F,51.1,2.1
P0CG48,K641F,54.5,1.8
P0CG48,K641F,59.1,0.9
P0CG48,K641F,66.1,1.3
P0CG48,K641F,71.9,1.1
P0CG48,K641G,35.5,-13.5
P0CG48,K641G,40.1,-12.6
P0CG48,K641G,46.0,-12.2
P0CG48,K641G,53.7,-11.1
P0CG48,K641G,61.4,-9.4
P0CG48,K641I,59.8,10.8
P0CG48,K641I,62.8,10.1
P0CG48,K641I,67.4,9.2
P0CG48,K641I,73.4,8.6
P0CG48,K641I,79.4,8.6
P0CG48,K641L,55.9,6.9
P0CG48,K641L,59.3,6.6
P0CG48,K641L,64.0,5.8
P0CG48,K641L,70.4,5.6
P0CG48,K641L,76.4,5.6
P0CG48,K641N,44.1,-4.9
P0CG48,K641N,47.5,-5.2
P0CG48,K641N,52.8,-5.4
P0CG48,K641N,60.1,-4.7
P0CG48,K641N,67.2,-3.6
P0CG48,K641Q,49.7,0.7
P0CG48,K641Q,53.0,0.3
P0CG48,K641Q,58.3,0.1
P0CG48,K641Q,64.6,-0.2
P0CG48,K641Q,71.0,0.2
P0CG48,K641S,46.6,-2.4
P0CG48,K641S,49.9,-2.8
P0CG48,K641S,54.8,-3.4
P0CG48,K641S,61.9,-2.9
P0CG48,K641S,68.6,-2.2
P0CG48,K641T,47.7,-1.3
P0CG48,K641T,51.3,-1.4
P0CG48,K641T,56.8,-1.4
P0CG48,K641T,63.7,-1.1
P0CG48,K641T,70.1,-0.7
P0CG48,K641V,55.6,6.6
P0CG48,K641V,59.0,6.3
P0CG48,K641V,64.1,5.9
P0CG48,K641V,70.1,5.3
P0CG48,K641V,76.1,5.3
P10408,E210Q,39.0,-2.0
P10408,E210Q,44.0,0.0
P10762,A155K,38.0,-15.0
P10762,L33K,37.0,-16.0
P10762,T159A,44.0,-9.0
P10762,T47A,57.0,4.0
P11413,N126D,56.1,-3.4
P11413,N126Y,53.9,-5.6
P11413,R387C,50.7,-8.8
P11532,K18N,57.6,-3.4
P11532,L172H,42.08,-1.28
P11532,L427P,50.0,-3.4
P11532,L54R,40.03,-3.33
P11532,Y231N,43.0,-15.0
P11540,C83A,71.4,-1.4
P11961,A131G,42.05,-15.3
P11961,A139G,35.75,-21.6
P11961,A166G,49.85,-7.5
P11961,A168G,54.75,-2.6
P11961,D145A,39.35,-18.0
P11961,D145N,49.65,-7.7
P11961,D162N,41.45,-15.9
P11961,D164G,27.65,-29.7
P11961,E141A,51.85,-5.5
P11961,E141Q,54.45,-2.9
P11961,I130A,51.85,-5.5
P11961,I130G,45.35,-12.0
P11961,I130V,55.95,-1.4
P11961,I147A,29.95,-27.4
P11961,I163V,52.85,-4.5
P11961,L159A,38.95,-18.4
P11961,L159G,40.85,-16.5
P11961,L159V,53.25,-4.1
P11961,L167A,47.85,-9.5
P11961,L167V,56.25,-1.1
P11961,V129A,51.75,-5.6
P11961,V129G,48.75,-8.6
P11961,V136A,44.05,-13.3
P11961,V145A,40.05,-17.3
P11961,V149A,33.55,-23.8
P11961,V158A,29.25,-28.1
P11961,Y138F,40.95,-16.4
P12528,E310V,87.8,-0.6
P12528,G178R,87.9,-0.5
P12528,G245R,87.5,-0.9
P12528,G324D,88.5,0.1
P12528,R286K,85.9,-2.5
P12528,R383S,83.2,-5.2
P12528,T236I,88.0,-0.4
P13123,V30I,96.5,5.8
P13123,W24A,81.1,-9.6
P14711,S63T,55.3,-1.3
P14711,Y53H,52.0,-4.6
P14756,D386A,65.0,-4.0
P14756,D398A,70.0,1.0
P14756,R376A,62.0,-7.0
P14756,R402A,70.0,1.0
P15452,A91V,102.3,-7.5
P15452,A91V,126.8,-2.9
P15452,V46I,106.6,-3.2
P15452,V46I,113.2,3.4
P15452,V46I,124.4,-5.3
P15452,V46I,129.9,0.2
P16304,G214R,49.8,1.4
P16304,Q16L,55.4,7.0
P16304,Q199R,49.5,1.1
P16304,T179I,47.8,-0.6
P17350,P23A,66.5,-7.5
P17350,P24A,66.5,-7.5
P18429,N209R,58.0,0.6
P18429,N60D,55.3,-2.1
P18429,N82E,56.0,-1.4
P18429,S50E,57.6,0.2
P18429,S55E,55.7,-1.7
P18614,A24V,78.9,-1.3
P18614,A25V,77.2,-3.0
P18614,F29L,79.6,-0.6
P18614,M32F,74.0,-6.2
P18614,M34H,78.7,-1.5
P18614,M34I,77.4,-2.8
P18614,M34V,77.9,-2.3
P18614,V29S,75.8,-4.4
P18614,V29T,77.2,-3.0
P19515,A102L,59.3,-8.8
P19515,D320L,58.7,-3.3
P19515,D332F,58.2,-3.0
P19515,D332L,57.8,-2.5
P19515,D332R,58.0,-2.8
P19515,D332W,58.7,-4.5
P19515,E314I,58.7,-2.7
P19515,E314V,58.8,-5.3
P19515,E324C,62.0,3.3
P19515,E324I,64.4,5.7
P19515,E324L,64.1,5.4
P19515,E324M,60.0,1.3
P19515,E324V,64.1,5.4
P19515,E324W,61.4,2.7
P19515,E324Y,60.8,2.1
P19515,N214R,59.4,-13.6
P19515,N280L,59.3,-10.0
P19515,N280W,55.6,-3.1
P19515,N321L,59.3,-13.0
P19515,N358W,57.2,-2.7
P19515,Q327I,59.5,2.3
P19515,S208F,59.2,-6.4
P19515,S208V,59.1,-4.9
P19515,S208W,59.5,3.9
P19515,S208Y,58.9,-5.5
P19515,T112I,58.1,-3.0
P19515,T112K,63.2,4.5
P19515,T112W,57.8,-2.2
P19515,T116I,61.1,2.4
P19873,P4G,66.7,-4.2
P19873,R50A,62.6,-8.3
P19873,R50K,59.2,-11.7
P19873,R52A,65.7,-5.2
P19873,R52Q,67.5,-3.4
P19873,T43A,71.7,0.8
P21549,D52E,84.4,14.4
P21549,G41R,53.7,-23.6
P21549,G41R,57.6,-4.8
P21549,G41R,60.3,-17.0
P21549,G41V,58.3,-4.1
P21549,G41V,61.0,-16.3
P21549,I340M,84.1,14.1
P21549,P11L,73.8,3.8
P21549,S50H,67.1,-2.9
P21549,V113A,83.2,13.2
P22069,F28A,78.1,-10.4
P22069,F28T,77.4,-11.1
P22069,F36Y,79.2,-9.3
P22069,M23L,62.2,-7.3
P22069,M23L,65.8,-6.8
P22069,M23L,68.9,-7.6
P22069,M23L,74.7,-6.9
P22069,M23L,79.1,-6.3
P22069,M23L,80.7,-6.1
P22069,M23L,82.0,-5.8
P22069,M23L,82.3,-6.0
P22069,M23L,82.8,-5.9
P22914,S39C,58.8,-7.0
P22914,S39C,61.3,-6.2
P23458,I597F,40.3,-4.0
P23458,K622A,53.3,13.0
P23540,A106L,56.9,-7.51
P23540,F103A,50.8,-13.5
P23540,F191A,56.1,-8.28
P23540,G128A,61.7,-2.67
P23540,G144A,60.5,-3.88
P23540,G174A,64.2,-0.2
P23540,P126A,62.2,-2.14
P23540,V167A,58.4,-5.97
P23540,Y102A,47.2,-17.2
P24058,D117A,53.0,-14.0
P24058,D117E,71.0,4.0
P24058,W11A,67.0,0.0
P24058,W11F,67.0,0.0
P24058,W11M,67.0,0.0
P24058,W11R,67.0,0.0
P24058,W11Y,67.0,0.0
P24092,F42L,114.3,-7.3
P24821,A885V,59.8,1.1
P24821,D850K,63.7,5.0
P24821,E887I,69.9,11.2
P24821,I833F,61.0,2.3
P24821,L820K,56.7,-2.0
P24821,Q808K,59.9,1.2
P24821,T890K,63.9,5.2
P25440,D160N,49.0,-5.8
P25440,D160Y,45.0,-9.8
P25440,D161Y,50.0,-4.8
P25440,E140K,44.0,-10.8
P25440,Q443H,50.0,-3.0
P25440,R100L,49.0,-5.8
P25440,R419W,45.0,-8.0
P25440,Y153H,47.8,-7.0
P25984,A177P,66.5,0.5
P25984,A22P,66.7,0.7
P25984,A347P,68.6,2.6
P25984,H222P,59.5,-6.5
P25984,L275P,63.7,-2.3
P25984,L316P,76.8,10.8
P25984,S24P,69.9,3.9
P25984,T149P,65.0,-1.0
P26514,W126A,70.0,2.0
P26514,W126F,64.0,-4.0
P26514,W126H,67.0,-1.0
P26514,W307A,63.3,-4.7
P26514,W307F,64.7,-3.3
P26514,W307H,60.7,-7.3
P26514,W315A,72.1,4.1
P26514,W315F,68.8,0.8
P26514,W315H,68.2,0.2
P26514,Y213A,63.0,-5.0
P26514,Y213F,67.1,-0.9
P26514,Y213S,69.6,1.6
P26882,K227A,45.22,0.12
P26882,K308A,45.03,-0.07
P27051,K146S,76.0,14.0
P27051,K194S,75.0,13.0
P27051,K49S,76.0,14.0
P28366,E208Q,27.0,-13.0
P28366,E208Q,41.0,-8.0
P29160,D13A,94.2,0.4
P29160,D45A,93.9,0.1
P29160,D49A,97.0,3.2
P29160,E48A,95.8,2.0
P29160,E51A,96.1,2.3
P29160,E63A,88.3,-5.5
P29160,E65A,93.4,0.4
P29160,E70A,91.8,-2.0
P29160,E7A,82.3,-8.5
P29160,E7A,85.2,-8.6
P29160,E91A,92.9,-0.9
P29160,E91A,93.0,-0.8
P29160,H79A,91.6,-2.2
P29160,K10A,85.4,-8.4
P29160,K10M,86.7,-7.1
P29160,K16A,87.7,-6.1
P29160,K23A,94.8,1.0
P29160,K29A,89.4,-4.4
P29160,K34A,87.4,-6.4
P29160,K47A,86.4,-7.4
P29160,R22A,92.3,-1.5
P29160,R40A,89.0,-4.8
P29160,R43A,94.0,0.2
P29160,R55A,88.4,-5.4
P29160,R77A,92.3,-1.5
P29160,R93A,90.1,-3.7
P29160,R93A,90.7,-3.1
P29160,R93M,90.7,-3.1
P29160,R9A,86.8,-7.0
P29768,A53L,62.0,5.0
P29768,A69V,60.0,3.0
P31513,E158K,46.2,0.4
P31513,E158K,50.6,0.0
P31513,E308G,46.2,0.4
P31513,E308G,46.4,-4.2
P31513,V257M,47.8,2.0
P31513,V257M,49.8,-0.8
P32081,A46E,48.6,0.1750000000000007
P32081,A46K,62.2,6.457142857142857
P32081,A46L,57.9,5.533333333333334
P32081,E3K,70.4,16.599999999999998
P32081,E3L,62.7,9.1
P32081,E3L,63.1,9.3
P32081,E3R,69.6,15.879999999999999
P32081,E3V,64.0,10.2
P32081,E43S,54.7,2.985714285714285
P32081,E66K,66.7,12.285714285714288
P32081,E66L,66.4,12.74
P32081,E66V,64.4,11.266666666666666
P32081,F15A,44.1,-15.8
P32081,F17A,48.6,-11.3
P32081,F27A,53.9,-6.0
P32081,F38A,62.1,2.2
P32081,K65I,62.4,9.657142857142857
P32081,L2R,50.7,-3.1
P32081,M1R,64.2,10.4
P32081,S48K,61.5,12.866666666666667
P32081,S48R,62.7,8.72857142857143
P32081,T64R,59.9,3.4
P33665,A144L,48.0,-5.5
P33665,A144L,48.7,-5.3
P33665,A144L,50.2,-5.3
P33665,A144L,60.5,-6.2
P33665,A144L,62.5,-7.0
P33665,K204R,53.0,-1.0
P33665,K204R,54.7,-0.2
P33665,K204R,66.5,-0.2
P33665,K204R,68.6,-0.9
P33665,W141F,35.6,-7.1
P33665,W141F,36.6,-6.6
P33665,W141F,44.7,-7.5
P33665,W267F,35.9,-6.8
P33665,W267F,37.3,-5.9
P33665,W267F,45.8,-6.4
P35052,N116Q,64.0,-2.0
P35052,N79Q,66.0,0.0
P37231,E488K,44.0,-5.5
P37231,F388L,46.5,-3.0
P37231,P495L,50.0,0.5
P37231,Q342P,48.0,-1.5
P37231,R316H,50.0,0.5
P37231,R385A,48.0,-1.5
P38398,M1775R,36.3,-12.0
P38398,M1775R,36.7,-11.6
P38398,R1699W,40.7,-7.6
P38398,R1699W,40.9,-7.4
P38398,V1833M,43.5,-4.8
P39476,F32A,87.85,27.0
P39476,I30V,95.1,-3.9
P39940,E34A,59.8,0.3
P39940,E34C,65.5,6.0
P39940,E34D,57.8,-1.7
P39940,E34F,64.2,4.7
P39940,E34H,15.9,-43.6
P39940,E34I,70.0,10.5
P39940,E34K,40.9,-18.6
P39940,E34L,68.3,8.8
P39940,E34N,52.4,-7.1
P39940,E34P,29.2,-30.3
P39940,E34Q,46.5,-13.0
P39940,E34S,60.2,0.7
P39940,E34T,69.5,10.0
P39940,E34V,65.2,5.7
P39940,E34W,68.0,8.5
P39940,E34Y,62.2,2.7
P39940,I334F,23.3,-26.0
P39940,I334F,32.4,-37.7
P39940,I334V,32.9,-14.0
P39940,I334V,41.2,-11.3
P39940,I334V,48.0,-11.8
P39940,I334V,49.4,-9.9
P39940,I334V,54.8,-13.5
P39940,I334V,61.6,-8.5
P39940,I340F,43.5,-3.4
P39940,I340F,48.7,-3.8
P39940,I340F,54.8,-5.0
P39940,I340F,55.5,-3.8
P39940,I340F,60.4,-7.9
P39940,I340F,66.1,-4.0
P39940,I340L,36.6,-10.3
P39940,I340L,39.3,-13.2
P39940,I340L,49.8,-10.0
P39940,I340L,50.6,-8.7
P39940,I340L,58.2,-10.1
P39940,I340L,64.1,-6.0
P39940,I340V,40.4,-6.5
P39940,I340V,55.6,-4.2
P39940,I340V,56.1,-3.2
P39940,I340V,64.3,-4.0
P39940,I340V,69.5,-0.6
P41016,E12K,74.4,-2.5
P41016,E21A,75.0,-1.9
P41016,E21K,75.4,-1.5
P41016,E36K,76.0,-0.9
P41016,E46A,75.4,-1.5
P41016,E46K,74.0,-2.9
P41016,E50K,73.5,-3.4
P41016,G23Q,74.7,-2.2
P41016,L66A,76.9,0.0
P41016,L66E,68.9,-8.0
P41016,L66L,76.9,0.0
P41016,N11S,79.2,2.3
P41016,N55K,77.7,0.8
P41016,Q2L,80.9,4.0
P41016,Q53E,76.1,-0.8
P41016,R3E,59.1,-17.8
P41016,R3K,76.1,-0.8
P41016,R3L,70.9,-6.0
P41016,S24D,77.8,0.9
P41016,T31S,77.8,0.9
P41016,V64T,75.1,-1.8
P41016,Y15F,76.7,-0.2
P41365,A306E,50.9,-6.8
P41365,V235I,58.5,0.8
P41365,V246D,55.7,-2.0
P42771,A73E,46.2,0.2
P42771,F37H,42.28,0.75
P42771,F71N,45.96,4.43
P42771,F92N,45.81,4.28
P42771,L121R,50.4,4.4
P42771,L37S,50.3,4.3
P42771,L78G,46.9,0.9
P42771,R124D,45.6,-0.4
P42771,R128E,47.6,1.6
P42771,R55V,42.15,0.62
P42771,T18R,45.0,-1.0
P42771,T85F,33.93,-7.6
P42771,V95K,47.0,1.0
P42771,W15D,48.2,2.2
P42771,W5R,37.86,-3.67
P43080,D100G,52.8,52.8
P43080,D100G,57.2,57.2
P43080,D100G,81.5,81.5
P43080,E155A,53.5,53.5
P43080,E155A,55.9,55.9
P43080,E155A,79.0,79.0
P43080,E155G,50.1,50.1
P43080,E155G,50.6,50.6
P43080,E155G,76.3,76.3
P43080,G86R,41.6,-8.2
P43080,G86R,46.8,-3.5
P43080,H19Y,33.7,-16.1
P43080,H19Y,37.2,-13.1
P43080,I107T,42.0,-8.1
P43080,I107T,43.4,-8.1
P43080,I107T,91.5,41.4
P43080,I107T,91.8,40.3
P43080,L84F,38.2,-11.9
P43080,L84F,42.2,-9.3
P43080,L84F,96.0,45.2
P43080,V160G,40.7,-9.1
P43080,V160G,48.9,-1.4
P43895,C190A,105.0,-10.0
P46937,D194T,56.5,4.9
P46937,D194T,57.7,4.8
P46937,L190Y,54.5,2.9
P46937,L190Y,60.0,7.1
P47189,A341E,70.0,2.0
P47189,T255P,71.0,3.0
P48842,D198N,61.4,0.53
P48842,D74N,61.52,0.65
P48842,G322A,62.0,1.1
P48842,Y311F,61.21,0.34
P50455,G154A,97.9,1.9
P50455,K152R,95.6,-0.4
P50455,Y282L,94.7,-1.3
P51858,P24A,40.0,-7.0
P54178,F61W,52.1,3.3
P54178,F61W,57.0,4.3
P54178,F61W,64.5,-4.0
P54178,F61W,71.1,-0.6
P54178,W120F,43.5,-18.7
P54178,W55A,32.5,-20.2
P54178,W55A,63.8,-7.9
P54178,W55F,42.8,-9.9
P54178,W55F,68.4,-3.3
P60484,C124S,40.8,0.5
P60484,E157G,38.4,-1.9
P60484,H93R,38.7,-1.6
P60484,N82T,39.2,-1.1
P60484,Y176C,39.0,-1.3
P61495,D184H,84.8,0.1
P61495,D184H,88.8,1.4
P61495,F53L,82.9,-1.8
P61495,F53L,86.0,-1.4
P61495,I11V,91.0,4.0
P61495,L134N,87.9,3.2
P61495,L134N,91.3,3.9
P61495,P324T,85.4,0.7
P61495,P324T,87.7,0.3
P61495,S261N,83.3,-1.4
P61495,S261N,85.6,-1.8
P61495,S92F,87.0,0.0
P61495,T16V,85.4,0.7
P61495,T16V,88.2,0.8
P61495,V126A,85.0,-2.0
P61495,V126F,80.0,-7.0
P61495,V126I,82.0,-5.0
P61495,V126L,82.0,-5.0
P61495,V126M,87.0,0.0
P61495,V126S,74.0,-13.0
P61495,V15I,85.0,-2.0
P61495,V181T,86.1,1.4
P61495,V181T,89.1,1.7
P61495,V61I,84.4,-0.3
P61495,V61I,87.2,-0.2
P61626,A110S,67.5,2.6
P61626,A114M,65.0,0.1
P61626,A114S,61.6,-3.3
P61626,A27S,64.8,-0.1
P61626,A50L,64.6,-0.3
P61626,A50S,63.9,-1.0
P61626,A65P,69.1,0.3
P61626,D109P,67.7,-1.1
P61626,D120N,56.7,0.5
P61626,D120N,58.1,0.6
P61626,D120N,77.9,0.2
P61626,D120N,78.3,-1.8
P61626,D138N,56.9,0.7
P61626,D138N,57.8,0.3
P61626,D138N,77.8,0.1
P61626,D138N,78.3,-1.8
P61626,D36N,56.0,-1.5
P61626,D36N,75.5,-4.6
P61626,D67N,57.5,0.0
P61626,D67N,77.4,-2.7
P61626,D85N,55.2,-1.0
P61626,D85N,56.8,-0.7
P61626,D85N,72.5,-5.2
P61626,D85N,74.0,-6.1
P61626,E25Q,54.6,-1.6
P61626,E25Q,57.8,0.3
P61626,E25Q,75.5,-2.2
P61626,E25Q,76.2,-3.9
P61626,E53L,63.1,-1.8
P61626,G123A,62.8,-2.1
P61626,G145A,63.2,-1.7
P61626,G147A,65.4,0.5
P61626,G34A,60.3,-4.6
P61626,G37A,59.4,-5.5
P61626,G40A,57.7,-7.2
P61626,G55A,64.0,-0.9
P61626,G55Q,64.1,-0.8
P61626,G86A,64.5,-0.4
P61626,G90A,63.8,-1.1
P61626,H96G,64.4,-0.5
P61626,I107A,56.2,-8.7
P61626,I107V,46.5,-2.7
P61626,I107V,63.5,-1.4
P61626,I124A,61.9,-3.0
P61626,I124V,43.6,-5.6
P61626,I124V,44.5,-4.7
P61626,I124V,62.7,-2.2
P61626,I41A,56.8,-8.1
P61626,I41V,47.6,-1.6
P61626,I41V,63.8,-1.1
P61626,I74A,52.4,-12.5
P61626,I74F,49.9,-15.0
P61626,I74L,64.6,-0.3
P61626,I74M,59.1,-5.8
P61626,I74T,52.4,-12.5
P61626,I74V,42.6,-6.6
P61626,I74V,42.9,-6.3
P61626,I74V,61.3,-3.6
P61626,I77A,43.4,-5.8
P61626,I77A,59.7,-5.2
P61626,I77G,52.2,-12.7
P61626,I77L,64.9,0.0
P61626,I77M,60.7,-4.2
P61626,I77S,53.1,-11.8
P61626,I77T,58.0,-6.9
P61626,I77V,44.8,-4.4
P61626,I77V,46.9,-5.1
P61626,I77V,61.5,-3.4
P61626,I77Y,51.1,-13.8
P61626,K19A,62.7,-2.2
P61626,K19M,64.4,-0.5
P61626,L26T,52.5,-12.4
P61626,N136G,65.1,0.2
P61626,N45L,65.3,0.4
P61626,P121G,68.7,-0.1
P61626,P89G,64.1,-4.7
P61626,Q76A,68.0,3.1
P61626,Q76G,70.6,5.7
P61626,R39A,69.4,4.5
P61626,R39G,68.6,3.7
P61626,R68A,66.3,1.4
P61626,R68G,65.8,0.9
P61626,S100A,66.0,1.1
P61626,S42A,63.3,-1.6
P61626,S54A,61.4,-3.5
P61626,S69A,64.2,-0.7
P61626,S79A,60.6,-4.3
P61626,S98A,66.3,1.4
P61626,V111A,44.8,-4.4
P61626,V111A,45.2,-4.0
P61626,V111A,62.6,-2.3
P61626,V111T,62.6,-2.3
P61626,V117A,44.8,-4.4
P61626,V117A,61.9,-3.0
P61626,V117T,63.3,-1.6
P61626,V118A,46.6,-2.6
P61626,V118A,64.1,-0.8
P61626,V118F,58.4,-6.5
P61626,V118T,64.0,-0.9
P61626,V128A,49.5,0.3
P61626,V128A,66.4,1.5
P61626,V128D,65.4,0.5
P61626,V128F,64.7,-0.2
P61626,V128G,66.5,1.6
P61626,V128I,67.6,2.7
P61626,V128L,65.1,0.2
P61626,V128M,66.5,1.6
P61626,V128N,65.1,0.2
P61626,V128P,70.0,1.2
P61626,V128R,67.8,2.9
P61626,V128Y,64.4,-0.5
P61626,V139A,39.9,-9.3
P61626,V139A,50.1,-7.7
P61626,V139A,60.4,-4.5
P61626,V143A,38.7,-6.8
P61626,V143A,42.2,-7.0
P61626,V143A,60.9,-4.0
P61626,V20A,41.3,-7.9
P61626,V20A,60.3,-4.6
P61626,V20F,62.2,-2.7
P61626,V20I,68.3,3.4
P61626,V20M,63.9,-1.0
P61626,V20N,60.8,-4.1
P61626,V20R,63.6,-1.3
P61626,V20S,60.5,-4.4
P61626,V20Y,63.7,-1.2
P61626,V92A,47.3,-1.9
P61626,V92A,63.8,-1.1
P61626,V92D,63.5,-1.4
P61626,V92F,64.0,-0.9
P61626,V92I,66.6,1.7
P61626,V92L,65.5,0.6
P61626,V92M,66.9,2.0
P61626,V92N,63.9,-1.0
P61626,V92R,64.6,-0.3
P61626,V92S,63.7,-1.2
P61626,V92S,64.9,0.0
P61626,V92Y,64.0,-0.9
P61626,Y38F,63.4,-1.5
P61626,Y56A,56.0,-8.9
P61626,Y56F,64.3,-0.6
P61626,Y56G,56.7,-8.2
P61626,Y63F,65.1,0.2
P61626,Y72F,61.9,-3.0
P61626,Y81F,64.2,-0.7
P61769,D140N,52.8,-9.6
P61769,D140N,59.1,0.3
P61769,D140N,65.5,-1.8
P61769,D79P,52.0,-8.1
P61823,P119A,46.5,-9.5
P61823,P119S,47.5,-8.5
P61823,P140A,45.5,-10.5
P62593,E102K,56.3,-0.12
P62593,G234S,53.0,-3.42
P62593,M180T,62.4,5.98
P62898,H27V,50.0,-10.0
P62898,N53I,80.0,20.0
P62898,P31A,51.0,-9.0
P62898,P31V,49.0,-11.0
P62898,Y68F,90.0,30.0
P62964,R112Q,63.6,9.4
P62964,R132Q,65.6,11.6
P63096,A101G,63.3,-0.4
P63096,A101G,70.7,0.2
P63096,A104G,61.3,-2.4
P63096,A104G,70.1,-0.4
P63096,A111G,62.9,-0.8
P63096,A111G,70.2,-0.3
P63096,A113G,63.8,0.1
P63096,A113G,70.9,0.4
P63096,A114G,63.9,0.2
P63096,A114G,71.0,0.5
P63096,A11G,63.5,-0.2
P63096,A11G,70.2,-0.3
P63096,A124G,61.8,-1.9
P63096,A124G,69.6,-0.9
P63096,A12G,64.1,0.4
P63096,A12G,70.8,0.3
P63096,A138G,61.3,-2.4
P63096,A138G,69.4,-1.1
P63096,A152G,61.3,-2.4
P63096,A152G,70.1,-0.4
P63096,A153G,63.7,0.0
P63096,A153G,70.7,0.2
P63096,A163G,63.3,-0.4
P63096,A163G,70.7,0.2
P63096,A220G,63.6,-0.1
P63096,A220G,69.8,-0.7
P63096,A226G,65.3,1.6
P63096,A226G,70.9,0.4
P63096,A291G,63.6,-0.1
P63096,A291G,70.7,0.2
P63096,A299G,63.2,-0.5
P63096,A299G,70.5,0.0
P63096,A300G,64.9,1.2
P63096,A300G,71.2,0.7
P63096,A301G,63.5,-0.2
P63096,A301G,70.6,0.1
P63096,A30G,63.3,-0.4
P63096,A30G,69.6,-0.9
P63096,A31G,63.3,-0.4
P63096,A31G,70.4,-0.1
P63096,A326G,59.4,-4.3
P63096,A326G,68.2,-2.3
P63096,A338G,60.9,-2.8
P63096,A338G,69.6,-0.9
P63096,A41G,61.8,-1.9
P63096,A41G,67.3,-3.2
P63096,A59G,67.3,3.6
P63096,A59G,72.2,1.7
P63096,A71G,63.4,-0.3
P63096,A71G,70.2,-0.3
P63096,A7G,63.5,-0.2
P63096,A7G,70.4,-0.1
P63096,A87G,61.5,-2.2
P63096,A87G,68.8,-1.7
P63096,A99G,63.3,-0.4
P63096,A99G,70.6,0.1
P63096,C139A,62.9,-0.8
P63096,C139A,70.2,-0.3
P63096,C214A,63.0,-0.7
P63096,C214A,69.0,-1.5
P63096,C224A,60.1,-3.6
P63096,C224A,69.1,-1.4
P63096,C254A,62.4,-1.3
P63096,C254A,70.2,-0.3
P63096,C305A,63.9,0.2
P63096,C305A,70.6,0.1
P63096,C325A,59.8,-3.9
P63096,C325A,69.7,-0.8
P63096,C3A,63.5,-0.2
P63096,C3A,70.3,-0.2
P63096,C66A,60.5,-3.2
P63096,C66A,68.5,-2.0
P63096,D102A,63.9,0.2
P63096,D102A,70.9,0.4
P63096,D103A,57.7,-6.0
P63096,D103A,67.9,-2.6
P63096,D133A,55.5,-8.2
P63096,D133A,66.2,-4.3
P63096,D150A,63.9,0.2
P63096,D150A,70.9,0.4
P63096,D158A,62.8,-0.9
P63096,D158A,69.9,-0.6
P63096,D160A,63.7,0.0
P63096,D160A,70.8,0.3
P63096,D173A,50.3,-13.4
P63096,D173A,61.1,-9.4
P63096,D193A,62.4,-1.3
P63096,D193A,70.0,-0.5
P63096,D200A,68.8,-1.7
P63096,D200A,69.5,5.8
P63096,D20A,63.1,-0.6
P63096,D20A,70.8,0.3
P63096,D229A,63.5,-0.2
P63096,D229A,69.0,-1.5
P63096,D231A,56.2,-7.5
P63096,D231A,64.6,-5.9
P63096,D237A,62.3,-1.4
P63096,D237A,67.4,-3.1
P63096,D251A,62.5,-1.2
P63096,D251A,69.2,-1.3
P63096,D261A,62.3,-1.4
P63096,D261A,69.7,-0.8
P63096,D26A,63.6,-0.1
P63096,D26A,70.4,-0.1
P63096,D309A,64.0,0.3
P63096,D309A,70.6,0.1
P63096,D315A,64.0,0.3
P63096,D315A,70.5,0.0
P63096,D337A,62.9,-0.8
P63096,D337A,70.0,-0.5
P63096,D341A,61.6,-2.1
P63096,D341A,69.8,-0.7
P63096,D350A,63.2,-0.5
P63096,D350A,70.5,0.0
P63096,D94A,63.3,-0.4
P63096,D94A,70.1,-0.4
P63096,D97A,62.4,-1.3
P63096,D97A,70.3,-0.2
P63096,D9A,63.3,-0.4
P63096,D9A,70.0,-0.5
P63096,E115A,63.3,-0.4
P63096,E115A,70.7,0.2
P63096,E116A,63.8,0.1
P63096,E116A,71.4,0.9
P63096,E122A,62.6,-1.1
P63096,E122A,70.1,-0.4
P63096,E145A,62.4,-1.3
P63096,E145A,70.3,-0.2
P63096,E14A,63.4,-0.3
P63096,E14A,70.3,-0.2
P63096,E186A,61.9,-1.8
P63096,E186A,68.7,-1.8
P63096,E207A,63.0,-0.7
P63096,E207A,65.3,-5.2
P63096,E216A,63.3,-0.4
P63096,E216A,69.1,-1.4
P63096,E236A,61.8,-1.9
P63096,E236A,65.3,-5.2
P63096,E238A,63.0,-0.7
P63096,E238A,69.1,-1.4
P63096,E239A,63.4,-0.3
P63096,E239A,70.1,-0.4
P63096,E245A,62.9,-0.8
P63096,E245A,63.2,-7.3
P63096,E25A,63.7,0.0
P63096,E25A,70.4,-0.1
P63096,E275A,63.5,-0.2
P63096,E275A,70.4,-0.1
P63096,E276A,63.2,-0.5
P63096,E276A,70.1,-0.4
P63096,E289A,63.2,-0.5
P63096,E289A,70.3,-0.2
P63096,E28A,63.6,-0.1
P63096,E28A,70.3,-0.2
P63096,E297A,65.3,1.6
P63096,E297A,67.7,-2.8
P63096,E298A,62.4,-1.3
P63096,E298A,70.2,-0.3
P63096,E308A,62.2,-1.5
P63096,E308A,70.0,-0.5
P63096,E318A,63.8,0.1
P63096,E318A,70.0,-0.5
P63096,E33A,62.2,-1.5
P63096,E33A,70.7,0.2
P63096,E58A,64.4,0.7
P63096,E58A,70.8,0.3
P63096,E63A,62.7,-1.0
P63096,E63A,70.1,-0.4
P63096,E64A,62.9,-0.8
P63096,E64A,69.9,-0.6
P63096,E65A,60.5,-3.2
P63096,E65A,68.4,-2.1
P63096,E8A,63.4,-0.3
P63096,E8A,69.9,-0.6
P63096,F108A,62.5,-1.2
P63096,F108A,69.6,-0.9
P63096,F118A,63.5,-0.2
P63096,F118A,70.9,0.4
P63096,F140A,60.8,-2.9
P63096,F140A,68.8,-1.7
P63096,F189A,52.3,-11.4
P63096,F189A,65.2,-5.3
P63096,F191A,62.2,-1.5
P63096,F191A,70.2,-0.3
P63096,F196A,50.1,-13.6
P63096,F196A,66.8,-3.7
P63096,F199A,59.6,-4.1
P63096,F199A,66.3,-4.2
P63096,F215A,62.9,-0.8
P63096,F215A,66.8,-3.7
P63096,F223A,59.5,-4.2
P63096,F223A,64.9,-5.6
P63096,F250A,50.2,-13.5
P63096,F250A,65.6,-4.9
P63096,F259A,62.0,-1.7
P63096,F259A,66.9,-3.6
P63096,F267A,57.5,-6.2
P63096,F267A,69.8,-0.7
P63096,F274A,55.2,-8.5
P63096,F274A,69.4,-1.1
P63096,F307A,54.9,-8.8
P63096,F307A,67.6,-2.9
P63096,F323A,60.1,-3.6
P63096,F323A,69.0,-1.5
P63096,F334A,65.5,1.8
P63096,F334A,70.9,0.4
P63096,F354A,63.7,0.0
P63096,F354A,70.5,0.0
P63096,F95A,54.8,-8.9
P63096,F95A,65.7,-4.8
P63096,G117A,63.3,-0.4
P63096,G117A,70.8,0.3
P63096,G125A,63.5,-0.2
P63096,G125A,71.2,0.7
P63096,G135A,60.2,-3.5
P63096,G135A,68.6,-1.9
P63096,G183A,61.8,-1.9
P63096,G183A,69.6,-0.9
P63096,G203A,60.8,-9.7
P63096,G203A,63.3,-0.4
P63096,G217A,63.0,-0.7
P63096,G217A,70.2,-0.3
P63096,G27A,63.2,-0.5
P63096,G27A,70.0,-0.5
P63096,G292A,60.8,-2.9
P63096,G292A,69.7,-0.8
P63096,G2A,63.4,-0.3
P63096,G2A,70.2,-0.3
P63096,G352A,63.5,-0.2
P63096,G352A,70.5,0.0
P63096,G40A,46.9,-16.8
P63096,G40A,49.8,-20.7
P63096,G42A,66.0,2.3
P63096,G42A,71.1,0.6
P63096,G45A,63.1,-0.6
P63096,G45A,70.8,0.3
P63096,G60A,61.4,-2.3
P63096,G60A,69.5,-1.0
P63096,G89A,63.3,-0.4
P63096,G89A,70.4,-0.1
P63096,G96A,63.1,-0.6
P63096,G96A,69.6,-0.9
P63096,H188A,63.3,-0.4
P63096,H188A,69.5,-1.0
P63096,H195A,61.7,-2.0
P63096,H195A,69.5,-1.0
P63096,H213A,63.4,-0.3
P63096,H213A,70.5,0.0
P63096,H244A,60.8,-2.9
P63096,H244A,68.2,-2.3
P63096,H322A,62.7,-1.0
P63096,H322A,69.9,-0.6
P63096,H57A,63.2,-0.5
P63096,H57A,71.0,0.5
P63096,I127A,60.1,-3.6
P63096,I127A,68.9,-1.6
P63096,I168A,62.5,-1.2
P63096,I168A,70.0,-0.5
P63096,I184A,61.1,-2.6
P63096,I184A,65.3,-5.2
P63096,I19A,63.3,-0.4
P63096,I19A,70.4,-0.1
P63096,I212A,62.8,-0.9
P63096,I212A,69.7,-0.8
P63096,I221A,62.4,-1.3
P63096,I221A,68.8,-1.7
P63096,I222A,56.5,-7.2
P63096,I222A,68.7,-1.8
P63096,I253A,63.0,-0.7
P63096,I253A,67.0,-3.5
P63096,I264A,60.0,-3.7
P63096,I264A,67.2,-3.3
P63096,I265A,63.3,-0.4
P63096,I265A,71.1,0.6
P63096,I278A,55.6,-8.1
P63096,I278A,68.3,-2.2
P63096,I285A,61.0,-2.7
P63096,I285A,68.9,-1.6
P63096,I303A,57.9,-5.8
P63096,I303A,67.6,-2.9
P63096,I319A,59.5,-4.2
P63096,I319A,68.8,-1.7
P63096,I343A,58.3,-5.4
P63096,I343A,68.5,-2.0
P63096,I344A,63.3,-0.4
P63096,I344A,70.7,0.2
P63096,I56A,54.0,-9.7
P63096,I56A,66.9,-3.6
P63096,I78A,61.1,-2.6
P63096,I78A,69.1,-1.4
P63096,I81A,61.1,-2.6
P63096,I81A,68.7,-1.8
P63096,I82A,62.6,-1.1
P63096,I82A,69.6,-0.9
P63096,I84A,57.3,-6.4
P63096,I84A,66.4,-4.1
P63096,I85A,59.5,-4.2
P63096,I85A,69.0,-1.5
P63096,I93A,58.6,-5.1
P63096,I93A,67.6,-2.9
P63096,K10A,63.4,-0.3
P63096,K10A,70.2,-0.3
P63096,K128A,62.5,-1.2
P63096,K128A,70.3,-0.2
P63096,K132A,63.5,-0.2
P63096,K132A,70.9,0.4
P63096,K17A,63.3,-0.4
P63096,K17A,70.3,-0.2
P63096,K180A,62.3,-1.4
P63096,K180A,71.6,1.1
P63096,K192A,58.2,-5.5
P63096,K192A,68.8,-1.7
P63096,K197A,62.4,-1.3
P63096,K197A,69.6,-0.9
P63096,K209A,63.5,-0.2
P63096,K209A,69.5,-1.0
P63096,K210A,63.0,-0.7
P63096,K210A,68.9,-1.6
P63096,K257A,63.3,-0.4
P63096,K257A,70.2,-0.3
P63096,K271A,59.2,-4.5
P63096,K271A,68.6,-1.9
P63096,K277A,58.8,-4.9
P63096,K277A,66.4,-4.1
P63096,K279A,62.8,-0.9
P63096,K279A,70.6,0.1
P63096,K280A,61.8,-1.9
P63096,K280A,69.3,-1.2
P63096,K29A,62.9,-0.8
P63096,K29A,69.8,-0.7
P63096,K312A,63.6,-0.1
P63096,K312A,70.4,-0.1
P63096,K314A,63.1,-0.6
P63096,K314A,69.8,-0.7
P63096,K330A,63.9,0.2
P63096,K330A,70.6,0.1
P63096,K345A,63.0,-0.7
P63096,K345A,70.6,0.1
P63096,K349A,62.7,-1.0
P63096,K349A,69.9,-0.6
P63096,K35A,62.4,-1.3
P63096,K35A,66.9,-3.6
P63096,K54A,56.3,-7.4
P63096,K54A,67.4,-3.1
P63096,K67A,62.8,-0.9
P63096,K67A,70.2,-0.3
P63096,K70A,62.3,-1.4
P63096,K70A,69.6,-0.9
P63096,L107A,59.4,-4.3
P63096,L107A,69.0,-1.5
P63096,L110A,62.8,-0.9
P63096,L110A,69.9,-0.6
P63096,L123A,60.7,-3.0
P63096,L123A,69.0,-1.5
P63096,L130A,54.7,-9.0
P63096,L130A,66.1,-4.4
P63096,L148A,62.8,-0.9
P63096,L148A,70.1,-0.4
P63096,L156A,62.5,-1.2
P63096,L156A,69.6,-0.9
P63096,L159A,62.9,-0.8
P63096,L159A,70.2,-0.3
P63096,L175A,49.8,-13.9
P63096,L175A,61.5,-9.0
P63096,L194A,59.8,-3.9
P63096,L194A,68.3,-2.2
P63096,L227A,58.8,-4.9
P63096,L227A,66.5,-4.0
P63096,L232A,61.2,-2.5
P63096,L232A,66.8,-3.7
P63096,L23A,63.5,-0.2
P63096,L23A,70.3,-0.2
P63096,L249A,61.9,-1.8
P63096,L249A,63.4,-7.1
P63096,L266A,59.9,-3.8
P63096,L266A,68.4,-2.1
P63096,L268A,57.1,-6.6
P63096,L268A,67.6,-2.9
P63096,L273A,58.0,-5.7
P63096,L273A,69.2,-1.3
P63096,L283A,50.4,-13.3
P63096,L283A,67.2,-3.3
P63096,L310A,61.4,-2.3
P63096,L310A,69.0,-1.5
P63096,L353A,63.7,0.0
P63096,L353A,70.9,0.4
P63096,L36A,59.6,-4.1
P63096,L36A,67.8,-2.7
P63096,L39A,63.5,-0.2
P63096,L39A,66.0,-4.5
P63096,L5A,62.7,-1.0
P63096,L5A,69.4,-1.1
P63096,L91A,59.5,-4.2
P63096,L91A,67.3,-3.2
P63096,M119A,59.4,-4.3
P63096,M119A,68.3,-2.2
P63096,M18A,63.4,-0.3
P63096,M18A,70.4,-0.1
P63096,M198A,56.8,-6.9
P63096,M198A,70.0,-0.5
P63096,M1A,63.5,-0.2
P63096,M1A,70.2,-0.3
P63096,M240A,62.8,-0.9
P63096,M240A,68.5,-2.0
P63096,M243A,55.3,-8.4
P63096,M243A,66.4,-4.1
P63096,N141A,63.5,-0.2
P63096,N141A,70.8,0.3
P63096,N149A,63.3,-0.4
P63096,N149A,70.7,0.2
P63096,N157A,64.1,0.4
P63096,N157A,71.0,0.5
P63096,N166A,63.5,-0.2
P63096,N166A,70.9,0.4
P63096,N22A,63.3,-0.4
P63096,N22A,70.4,-0.1
P63096,N241A,61.0,-2.7
P63096,N241A,65.9,-4.6
P63096,N255A,61.0,-2.7
P63096,N255A,69.1,-1.4
P63096,N256A,63.5,-0.2
P63096,N256A,70.7,0.2
P63096,N269A,40.5,-30.0
P63096,N269A,42.5,-21.2
P63096,N294A,62.3,-1.4
P63096,N294A,70.2,-0.3
P63096,N311A,62.7,-1.0
P63096,N311A,67.9,-2.6
P63096,N331A,60.9,-2.8
P63096,N331A,68.1,-2.4
P63096,N346A,62.2,-1.5
P63096,N346A,69.9,-0.6
P63096,N347A,62.1,-1.6
P63096,N347A,70.2,-0.3
P63096,N76A,61.1,-2.6
P63096,N76A,63.9,-6.6
P63096,P165A,63.3,-0.4
P63096,P165A,70.8,0.3
P63096,P169A,57.4,-6.3
P63096,P169A,66.5,-4.0
P63096,P282A,61.4,-2.3
P63096,P282A,69.6,-0.9
P63096,Q106A,63.7,0.0
P63096,Q106A,70.8,0.3
P63096,Q137A,60.3,-3.4
P63096,Q137A,69.4,-1.1
P63096,Q147A,63.3,-0.4
P63096,Q147A,70.6,0.1
P63096,Q171A,61.6,-2.1
P63096,Q171A,69.5,-1.0
P63096,Q172A,63.0,-0.7
P63096,Q172A,69.6,-0.9
P63096,Q204A,64.2,0.5
P63096,Q204A,69.1,-1.4
P63096,Q304A,62.8,-0.9
P63096,Q304A,70.2,-0.3
P63096,Q306A,62.8,-0.9
P63096,Q306A,70.3,-0.2
P63096,Q333A,62.8,-0.9
P63096,Q333A,70.0,-0.5
P63096,Q52A,60.3,-3.4
P63096,Q52A,69.5,-1.0
P63096,Q68A,63.7,0.0
P63096,Q68A,70.7,0.2
P63096,Q79A,62.8,-0.9
P63096,Q79A,69.1,-1.4
P63096,R100A,62.8,-0.9
P63096,R100A,70.1,-0.4
P63096,R105A,63.7,0.0
P63096,R105A,70.7,0.2
P63096,R129A,61.3,-2.4
P63096,R129A,69.7,-0.8
P63096,R144A,61.3,-2.4
P63096,R144A,69.0,-1.5
P63096,R15A,63.3,-0.4
P63096,R15A,70.2,-0.3
P63096,R161A,63.8,0.1
P63096,R161A,70.9,0.4
P63096,R176A,58.1,-5.6
P63096,R176A,68.9,-1.6
P63096,R178A,61.7,-2.0
P63096,R178A,75.0,4.5
P63096,R205A,63.3,-0.4
P63096,R205A,65.2,-5.3
P63096,R208A,61.1,-9.4
P63096,R208A,63.2,-0.5
P63096,R21A,63.1,-0.6
P63096,R21A,70.4,-0.1
P63096,R24A,63.3,-0.4
P63096,R24A,70.1,-0.4
P63096,R313A,64.3,0.6
P63096,R313A,70.4,-0.1
P63096,R86A,62.4,-1.3
P63096,R86A,70.0,-0.5
P63096,R90A,61.8,-1.9
P63096,R90A,69.2,-1.3
P63096,S134A,63.3,-0.4
P63096,S134A,70.8,0.3
P63096,S143A,63.3,-0.4
P63096,S143A,70.1,-0.4
P63096,S151A,57.7,-6.0
P63096,S151A,67.9,-2.6
P63096,S16A,63.2,-0.5
P63096,S16A,70.5,0.0
P63096,S228A,61.3,-2.4
P63096,S228A,69.9,-0.6
P63096,S246A,63.1,-0.6
P63096,S246A,69.4,-1.1
P63096,S252A,62.4,-1.3
P63096,S252A,70.0,-0.5
P63096,S263A,62.2,-1.5
P63096,S263A,69.6,-0.9
P63096,S281A,61.6,-2.1
P63096,S281A,68.7,-1.8
P63096,S293A,63.9,0.2
P63096,S293A,70.5,0.0
P63096,S44A,63.7,0.0
P63096,S44A,70.6,0.1
P63096,S47A,60.3,-10.2
P63096,S47A,62.6,-1.1
P63096,S6A,63.5,-0.2
P63096,S6A,70.3,-0.2
P63096,S75A,63.6,-0.1
P63096,S75A,70.5,0.0
P63096,S80A,63.0,-0.7
P63096,S80A,70.0,-0.5
P63096,S98A,64.1,0.4
P63096,S98A,71.1,0.6
P63096,T170A,58.9,-4.8
P63096,T170A,67.3,-3.2
P63096,T177A,65.5,1.8
P63096,T177A,70.6,0.1
P63096,T181A,59.1,-11.4
P63096,T181A,62.6,-1.1
P63096,T182A,62.9,-0.8
P63096,T182A,67.5,-3.0
P63096,T187A,63.0,-0.7
P63096,T187A,68.9,-1.6
P63096,T190A,61.2,-2.5
P63096,T190A,69.6,-0.9
P63096,T219A,62.9,-0.8
P63096,T219A,68.4,-2.1
P63096,T260A,63.2,-0.5
P63096,T260A,69.6,-0.9
P63096,T262A,63.4,-0.3
P63096,T262A,69.6,-0.9
P63096,T284A,61.8,-1.9
P63096,T284A,69.8,-0.7
P63096,T295A,62.4,-1.3
P63096,T295A,70.2,-0.3
P63096,T316A,63.8,0.1
P63096,T316A,70.3,-0.2
P63096,T321A,63.2,-0.5
P63096,T321A,69.9,-0.6
P63096,T324A,59.7,-4.0
P63096,T324A,69.1,-1.4
P63096,T327A,57.3,-6.4
P63096,T327A,65.7,-4.8
P63096,T340A,63.8,0.1
P63096,T340A,69.8,-0.7
P63096,T48A,53.9,-9.8
P63096,T48A,61.6,-8.9
P63096,T77A,62.2,-1.5
P63096,T77A,69.4,-1.1
P63096,V109A,64.1,0.4
P63096,V109A,71.0,0.5
P63096,V126A,62.8,-0.9
P63096,V126A,70.3,-0.2
P63096,V136A,59.2,-4.5
P63096,V136A,69.0,-1.5
P63096,V13A,63.4,-0.3
P63096,V13A,70.3,-0.2
P63096,V174A,58.0,-5.7
P63096,V174A,66.1,-4.4
P63096,V179A,62.3,-1.4
P63096,V179A,67.8,-2.7
P63096,V185A,61.8,-1.9
P63096,V185A,68.3,-2.2
P63096,V201A,61.5,-2.2
P63096,V201A,65.8,-4.7
P63096,V218A,63.5,-0.2
P63096,V218A,70.3,-0.2
P63096,V339A,60.7,-3.0
P63096,V339A,70.0,-0.5
P63096,V34A,61.1,-2.6
P63096,V34A,68.7,-1.8
P63096,V50A,62.5,-1.2
P63096,V50A,72.2,1.7
P63096,V72A,64.0,0.3
P63096,V72A,66.9,-3.6
P63096,V73A,57.3,-6.4
P63096,V73A,65.3,-5.2
P63096,W131A,56.9,-6.8
P63096,W131A,64.5,-6.0
P63096,W211A,62.2,-1.5
P63096,W211A,62.7,-7.8
P63096,W258A,64.0,0.3
P63096,W258A,69.8,-0.7
P63096,Y146A,64.1,0.4
P63096,Y146A,71.1,0.6
P63096,Y154A,63.7,0.0
P63096,Y154A,70.8,0.3
P63096,Y155A,59.4,-4.3
P63096,Y155A,69.0,-1.5
P63096,Y167A,59.4,-4.3
P63096,Y167A,68.3,-2.2
P63096,Y287A,52.1,-11.6
P63096,Y287A,67.1,-3.4
P63096,Y290A,54.7,-9.0
P63096,Y290A,68.1,-2.4
P63096,Y296A,60.9,-2.8
P63096,Y296A,69.1,-1.4
P63096,Y302A,55.6,-8.1
P63096,Y302A,68.9,-1.6
P63096,Y320A,62.0,-1.7
P63096,Y320A,69.9,-0.6
P63096,Y61A,56.1,-7.6
P63096,Y61A,65.6,-4.9
P63096,Y69A,58.7,-5.0
P63096,Y69A,67.5,-3.0
P63096,Y74A,60.1,-3.6
P63096,Y74A,67.6,-2.9
P63159,G123H,39.5,-1.1
P63159,G123H,44.9,4.3
P63159,I122H,36.2,-4.4
P63159,I122H,41.9,1.3
P63159,S121H,30.4,-10.2
P63159,S121H,34.4,-6.2
P69168,T119I,56.2,8.2
P69168,T119I,56.7,8.2
P69168,T119I,57.0,8.1
P69168,T119I,59.4,-2.4
P69168,T119I,59.9,0.1
P69168,T119I,62.7,2.7
P69168,T31I,67.5,7.7
P69168,T31I,67.7,5.9
P69441,D84H,44.6,-7.2
P69441,F86L,49.2,-2.6
P69441,G85V,40.7,-11.1
P69441,R88G,51.0,-0.8
P69488,C39D,105.4,19.8
P69488,E59K,104.2,14.3
P69488,E59L,100.2,10.3
P69488,E59Q,98.3,8.4
P69488,E61H,94.3,4.4
P69488,E61V,101.0,15.4
P69488,E61V,103.4,13.5
P69488,G45Q,82.1,-7.8
P69488,H72K,118.4,32.8
P69488,Q73V,94.0,4.1
P69488,Q87K,116.8,31.2
P69488,S110R,117.3,31.7
P69488,S11A,106.4,16.5
P69488,S11I,102.7,12.8
P69488,S11V,102.7,17.1
P69488,S11V,105.0,15.1
P69488,S48D,105.4,19.8
P69488,S48K,112.2,26.6
P69488,S82K,116.9,31.3
P69488,S82R,117.1,31.5
P69488,T17K,107.2,21.6
P69488,T88R,117.6,32.0
P69488,Y60T,91.9,2.0
P69776,S23A,64.0,-3.0
P69776,Y76A,63.0,-4.0
P78352,D332G,70.1,-0.3
P78352,D332P,71.6,1.2
P78352,E334L,67.4,-3.0
P78352,E334Q,70.1,-0.3
P78352,E401R,64.4,12.8
P78352,E401R,87.5,9.0
P80040,E165K,85.0,4.6
P80040,E165K,91.4,12.0
P80040,E165K,91.7,23.9
P80040,E165Q,85.8,5.4
P80040,E165Q,90.6,11.2
P80040,E165Q,91.4,23.6
P80040,T187C,82.8,15.0
P81180,P51G,50.2,1.7
P81180,P51G,64.3,-2.3
P81662,E2A,66.0,1.0
P81708,A93S,39.37,-47.55
P81708,A93S,84.33,-2.59
P81708,H21G,34.13,-52.79
P81708,H21G,83.64,-3.28
P81708,I56L,26.19,-60.79
P81708,I56L,84.48,-2.44
P81708,V109K,41.78,-45.14
P81708,V109K,82.76,-4.16
P96110,E232A,68.4,-1.1
P96110,R191A,67.3,-2.2
Q02307,F244E,47.33,9.73
Q02307,F82E,57.0,19.4
Q02307,Y241E,52.05,14.45
Q02307,Y61E,57.32,19.72
Q02307,Y65E,55.55,17.95
Q02307,Y74E,58.15,20.55
Q02307,Y75E,57.58,19.98
Q02307,Y81E,56.71,19.11
Q03026,A33P,81.1,17.3
Q03026,D10P,76.0,12.2
Q03026,W40F,76.8,13.0
Q08012,T22A,66.9,3.2
Q08012,T22D,73.1,9.4
Q08012,T22F,66.7,3.0
Q08012,T22G,84.8,21.1
Q08012,T22K,65.0,1.3
Q08012,T22L,58.0,-5.7
Q08012,T22N,74.9,11.2
Q08012,T22S,63.5,-0.2
Q13526,A31G,40.9,-17.7
Q13526,E12A,52.6,-6.0
Q13526,E35A,50.3,-8.3
Q13526,F25A,32.5,-26.1
Q13526,F25L,42.5,-16.1
Q13526,F25Y,62.0,3.4
Q13526,G10A,49.0,-9.6
Q13526,H27G,50.5,-8.1
Q13526,I28A,54.2,-4.4
Q13526,I28G,47.2,-11.4
Q13526,K6A,59.4,0.8
Q13526,L7A,37.8,-20.8
Q13526,L7I,49.3,-9.3
Q13526,L7N,48.8,-9.8
Q13526,L7V,44.0,-14.6
Q13526,M15A,51.8,-6.8
Q13526,N26D,36.0,-22.6
Q13526,N30A,53.3,-5.3
Q13526,N30G,65.0,6.4
Q13526,P8A,47.4,-11.2
Q13526,P8G,47.7,-10.9
Q13526,P9A,56.0,-2.6
Q13526,P9G,53.1,-5.5
Q13526,Q33A,53.1,-5.5
Q13526,R14A,39.2,-19.4
Q13526,R17A,58.8,0.2
Q13526,R17G,57.3,-1.3
Q13526,R21A,50.9,-7.7
Q13526,R21G,51.5,-7.1
Q13526,R36A,56.7,-1.9
Q13526,S16A,54.0,-4.6
Q13526,S16G,47.6,-11.0
Q13526,S18A,58.4,-0.2
Q13526,S18G,56.5,-2.1
Q13526,S19A,57.1,-1.5
Q13526,S19G,56.0,-2.6
Q13526,S32A,56.9,-1.7
Q13526,S32G,50.1,-8.5
Q13526,S38A,58.8,0.2
Q13526,S38G,58.2,-0.4
Q13526,T29D,42.9,-15.7
Q13526,T29G,34.4,-24.2
Q13526,T29S,50.8,-7.8
Q13526,W34A,52.9,-5.7
Q13526,W34F,58.0,-0.6
Q13526,Y23A,33.9,-24.7
Q13526,Y24F,51.4,-7.2
Q13526,Y24W,52.9,-5.7
Q16595,L198C,66.1,-3.3
Q16595,L200C,62.3,-7.1
Q16595,L203C,71.0,1.6
Q25252,E530K,53.9,5.1
Q25252,G554D,56.3,7.5
Q25252,L364M,56.5,7.7
Q2XSL7,K75N,45.0,0.2
Q2XSL7,Q73N,49.0,4.2
Q2YD82,A172T,57.5,2.6
Q2YD82,D151S,53.3,-1.6
Q2YD82,K138A,54.3,1.0
Q2YD82,K138N,53.9,0.6
Q2YD82,R113K,53.1,-1.8
Q2YD82,S117G,52.7,-0.6
Q2YD82,S121F,58.5,5.2
Q2YD82,T132I,55.7,0.8
Q40059,K44A,73.0,1.3
Q40059,P45A,65.2,9.1
Q43763,T340P,43.0,7.0
Q43763,T340P,58.0,10.4
Q56013,S71P,59.6,2.8
Q56013,S71P,61.4,0.3
Q56013,T49Y,66.7,9.9
Q56013,T49Y,69.8,8.7
Q56304,D168T,108.5,-0.5
Q56304,T139E,103.5,-5.5
Q56319,D184A,89.7,-0.6
Q56319,R241A,85.5,-4.8
Q5E9J8,A173W,45.6,-1.2
Q5E9J8,F169R,45.6,-1.2
Q5E9J8,R75M,45.9,-0.9
Q5KZ26,A104Q,62.6,-3.6
Q5KZ26,L20M,61.4,-4.8
Q5KZ26,P122E,65.3,-0.9
Q5NV88,H8P,50.1,0.2
Q5NV88,H8S,49.5,-0.4
Q5NV88,P7S,43.0,-6.9
Q65H53,L134H,43.2,-8.8
Q65H53,L52P,40.1,-11.9
Q72SM7,Q67A,51.0,0.0
Q72SM7,Q67A,58.0,0.0
Q72SM7,S247A,51.0,0.0
Q72SM7,S247A,57.0,-1.0
Q7M4T6,F56A,46.0,-13.0
Q7SIG1,K102Q,86.0,-1.6666666666666667
Q8GB52,I144P,65.1,3.2
Q8GB52,I144P,65.7,1.8
Q8GB52,N142P,64.8,2.9
Q8GB52,N142P,66.8,2.9
Q8GB52,N154D,66.3,2.7
Q8GB52,N154D,68.2,3.1
Q8GB52,N377P,60.7,-1.2
Q8GB52,N377P,63.6,-0.3
Q8GB52,T404P,61.6,-0.3
Q8GB52,T404P,64.5,0.6
Q8GJ67 ,G692M,70.5,3.8
Q8GRA2,C426A,65.2,-1.7
Q8GRA2,C426A,78.4,0.2
Q8GRA2,N715A,50.3,-27.9
Q8GRA2,N715A,64.3,-2.6
Q8NBP7,Q152H,52.8,0.9
Q8NBP7,Q152N,43.5,-8.4
Q8NBP7,Q152N,51.4,-0.5
Q8NBP7,S386A,53.2,1.3
Q8NJY3,C205G,69.9,1.2
Q8NJY3,C205S,68.9,0.2
Q8NJY3,C236P,59.5,-9.2
Q8NJY3,C236S,63.3,-5.4
Q8NJY3,C246S,63.1,-5.6
Q8NJY3,C246V,69.5,0.8
Q91472,G24A,36.9,-0.1
Q91472,G27A,37.3,0.3
Q91472,T179A,40.7,3.7
Q92793,Y640F,65.0,0.0
Q93D82,A103Q,61.0,-4.0
Q93D82,A103Y,60.5,-4.5
Q93D82,A158V,71.0,6.0
Q93D82,A200Y,62.5,-2.5
Q93D82,A29L,68.0,3.0
Q93D82,A45H,67.5,2.5
Q93D82,A45K,65.5,0.5
Q93D82,A45L,64.0,-1.0
Q93D82,A60K,61.0,-4.0
Q93D82,A60L,63.0,-2.0
Q93D82,A60R,66.5,1.5
Q93D82,A60Y,64.5,-0.5
Q93D82,A69H,64.5,-0.5
Q93D82,A69K,63.5,-1.5
Q93D82,A69M,62.5,-2.5
Q93D82,A69R,65.5,0.5
Q93D82,A83M,65.5,0.5
Q93D82,A83N,63.0,-2.0
Q93D82,A83Q,65.5,0.5
Q93D82,A93K,70.5,5.5
Q93D82,A93N,69.0,4.0
Q93D82,A93T,69.5,4.5
Q93D82,C153H,53.5,-11.5
Q93D82,C153I,60.0,-5.0
Q93D82,C153L,63.0,-2.0
Q93D82,C153N,78.5,13.5
Q93D82,C153V,50.5,-14.5
Q93D82,C229A,60.5,-4.5
Q93D82,D182F,63.0,-2.0
Q93D82,D230N,62.0,-3.0
Q93D82,D39E,65.0,0.0
Q93D82,D39K,66.5,1.5
Q93D82,D80E,60.0,-5.0
Q93D82,D80V,64.0,-1.0
Q93D82,D90E,63.0,-2.0
Q93D82,D96H,56.0,-9.0
Q93D82,E102M,64.5,-0.5
Q93D82,E141Q,56.0,-9.0
Q93D82,E165A,65.5,0.5
Q93D82,E165P,57.5,-7.5
Q93D82,E190L,65.5,0.5
Q93D82,E190T,66.5,1.5
Q93D82,E197K,67.5,2.5
Q93D82,E219N,63.5,-1.5
Q93D82,E247P,66.0,1.0
Q93D82,E33P,64.5,-0.5
Q93D82,E42M,66.5,1.5
Q93D82,E42Q,64.0,-1.0
Q93D82,E56A,65.0,0.0
Q93D82,E58N,65.0,0.0
Q93D82,E58Q,67.5,2.5
Q93D82,E61K,68.5,3.5
Q93D82,E61Q,66.5,1.5
Q93D82,E61R,64.5,-0.5
Q93D82,E64K,65.0,0.0
Q93D82,E64Q,66.0,1.0
Q93D82,E64R,68.0,3.0
Q93D82,E85K,65.0,0.0
Q93D82,E85Y,64.5,-0.5
Q93D82,F136W,60.5,-4.5
Q93D82,F82W,59.0,-6.0
Q93D82,F86W,64.5,-0.5
Q93D82,G99A,66.0,1.0
Q93D82,G99D,65.0,0.0
Q93D82,G99H,65.0,0.0
Q93D82,H126Y,63.5,-1.5
Q93D82,H198M,55.0,-10.0
Q93D82,H198Y,62.5,-2.5
Q93D82,H26Y,65.5,0.5
Q93D82,K123H,65.5,0.5
Q93D82,K140P,54.5,-10.5
Q93D82,K140S,62.5,-2.5
Q93D82,K161F,64.0,-1.0
Q93D82,K193L,65.0,0.0
Q93D82,K91Q,61.0,-4.0
Q93D82,L111W,57.0,-8.0
Q93D82,M54F,63.5,-1.5
Q93D82,N113H,63.0,-2.0
Q93D82,N113Q,61.5,-3.5
Q93D82,N157F,64.0,-1.0
Q93D82,N157H,66.5,1.5
Q93D82,N157R,60.0,-5.0
Q93D82,N157W,56.0,-9.0
Q93D82,N195H,64.5,-0.5
Q93D82,P244A,67.0,2.0
Q93D82,P253G,64.5,-0.5
Q93D82,P253S,62.5,-2.5
Q93D82,Q209H,58.0,-7.0
Q93D82,Q37D,65.0,0.0
Q93D82,Q37E,65.0,0.0
Q93D82,Q87L,62.5,-2.5
Q93D82,Q87R,68.5,3.5
Q93D82,R107Q,65.0,0.0
Q93D82,R98I,64.5,-0.5
Q93D82,R98L,65.0,0.0
Q93D82,S117A,63.5,-1.5
Q93D82,S117K,65.0,0.0
Q93D82,S143A,60.0,-5.0
Q93D82,S143V,59.5,-5.5
Q93D82,S160A,64.5,-0.5
Q93D82,S17A,65.0,0.0
Q93D82,S228K,64.5,-0.5
Q93D82,S228R,64.5,-0.5
Q93D82,S22A,64.5,-0.5
Q93D82,S2K,66.0,1.0
Q93D82,S55P,65.0,0.0
Q93D82,S68K,65.0,0.0
Q93D82,S68N,65.5,0.5
Q93D82,S68Q,63.0,-2.0
Q93D82,S68R,66.5,1.5
Q93D82,T134I,63.5,-1.5
Q93D82,T134L,65.5,0.5
Q93D82,T134V,68.0,3.0
Q93D82,T144I,57.0,-8.0
Q93D82,T154I,62.0,-3.0
Q93D82,T154K,53.5,-11.5
Q93D82,T154R,48.5,-16.5
Q93D82,T189K,52.5,-12.5
Q93D82,T194Q,61.0,-4.0
Q93D82,T213D,62.0,-3.0
Q93D82,T213N,61.5,-3.5
Q93D82,T27L,65.0,0.0
Q93D82,T27M,65.0,0.0
Q93D82,T3I,65.0,0.0
Q93D82,T3V,65.0,0.0
Q93D82,T47A,63.0,-2.0
Q93D82,T47H,63.5,-1.5
Q93D82,T47K,66.0,1.0
Q93D82,T67Q,63.5,-1.5
Q93D82,T7F,65.0,0.0
Q93D82,T7M,65.0,0.0
Q93D82,V199I,66.5,1.5
Q93D82,V199K,66.5,1.5
Q93D82,V205L,63.5,-1.5
Q93D82,V236I,66.5,1.5
Q93D82,V75I,65.0,0.0
Q93D82,V94L,63.5,-1.5
Q93D82,Y70F,65.5,0.5
Q93P54,G70C,47.8,1.1
Q93P54,G70C,54.1,4.0
Q93P54,I69C,46.5,-0.2
Q93P54,I69C,54.3,4.2
Q93P54,S71C,47.6,0.9
Q93P54,S71C,52.3,2.2
Q93P54,S72C,48.7,2.0
Q93P54,S72C,54.6,4.5
Q99972,C433R,40.4,-12.6
Q99972,C433R,49.4,-10.2
Q99972,D273A,21.1,-38.5
Q99972,D273A,21.7,-31.3
Q99972,D380A,45.1,-14.5
Q99972,D380A,46.6,-6.4
Q99972,D384A,42.5,-10.5
Q99972,D384A,53.6,-6.0
Q99972,E323K,44.0,-9.0
Q99972,E323K,50.3,-9.3
Q99972,E385A,39.7,-13.3
Q99972,E385A,49.7,-9.9
Q99972,G252R,43.0,-10.0
Q99972,G252R,51.5,-8.1
Q99972,G364V,45.0,-8.0
Q99972,G364V,51.9,-7.7
Q99972,G367R,42.7,-10.3
Q99972,G367R,50.9,-8.7
Q99972,I477S,39.7,-13.3
Q99972,I477S,48.2,-11.4
Q99972,I499F,42.8,-10.2
Q99972,I499F,50.4,-9.2
Q99972,K423E,34.2,-18.8
Q99972,K423E,43.2,-16.4
Q99972,N480K,42.4,-10.6
Q99972,N480K,48.1,-11.5
Q99972,P481L,45.5,-7.5
Q99972,P481L,51.2,-8.4
Q99972,R272G,41.0,-12.0
Q99972,R272G,48.6,-11.0
Q99972,S502P,41.0,-12.0
Q99972,S502P,49.9,-9.7
Q99972,T377M,44.3,-8.7
Q99972,T377M,50.6,-9.0
Q99972,V426F,41.5,-11.5
Q99972,V426F,49.9,-9.7
Q99972,Y437H,40.3,-12.7
Q99972,Y437H,48.6,-11.0
Q9EYL5,E114Q,74.25,2.05
Q9EYL5,P170A,57.4,-11.0
Q9EYL5,P170A,66.06,-10.71
Q9EYL5,T171V,71.75,-0.7
Q9EYL5,T171V,73.05,1.1
Q9L9D7,G173Q,37.74,2.97
Q9L9D7,L169K,41.07,6.3
Q9L9D7,T172R,38.55,3.78
Q9NAV8,H56V,61.0,7.0
Q9NZN9,A197P,40.5,-3.6
Q9NZN9,C239R,46.7,2.6
Q9NZN9,G262S,40.1,-4.0
Q9NZN9,I206N,41.4,-2.7
Q9NZN9,P376S,43.4,-0.7
Q9NZN9,R302L,43.2,-0.9
Q9NZN9,T114I,34.8,-9.3
Q9P246,C15S,63.4,2.4
Q9P246,C15S,65.8,2.4
Q9P246,C53S,62.6,-1.0
Q9P246,C53S,63.6,-1.0
Q9P246,C60S,61.0,-1.0
Q9P246,C60S,62.0,-1.0
Q9R782,K248A,61.7,5.2
Q9R782,K248A,67.9,2.9
Q9R782,K248A,69.2,4.2
Q9R782,K248E,49.0,-7.5
Q9R782,K248E,62.2,-2.8
Q9R782,K248E,66.0,1.3
Q9R782,K248E,67.8,2.8
Q9R782,S140C,66.4,1.3
Q9R782,S140C,67.0,0.5
Q9R782,S140C,68.7,1.7
Q9R782,S140C,69.2,1.3
Q9R782,S140C,69.3,0.4
Q9R782,S277C,59.1,-6.0
Q9R782,S277C,60.1,-6.4
Q9R782,S277C,61.5,-5.5
Q9R782,S277C,62.7,-5.2
Q9R782,S277C,63.1,-5.8
Q9REI6,G130P,51.7,1.2
Q9REI6,G443Q,49.9,-0.6
Q9S446 ,M155V,56.0,-3.2
Q9S446 ,V193R,57.0,-2.2
Q9UMX6,G157R,67.8,-8.9
Q9UMX6,G157R,68.7,-7.4
Q9Y6R1,R342S,43.0,-5.0
Q9ZAG3,A142R,46.0,-2.8
Q9ZAG3,A19K,51.3,2.5
Q9ZAG3,A20P,46.7,-2.1
Q9ZAG3,A41R,48.8,0.0
Q9ZAG3,A41S,49.1,0.3
Q9ZAG3,A66P,49.6,0.8
Q9ZAG3,A72R,47.0,-1.8
Q9ZAG3,D24R,45.0,-3.8
Q9ZAG3,D33K,47.3,-1.5
Q9ZAG3,D33R,46.5,-2.3
Q9ZAG3,D65E,49.3,0.5
Q9ZAG3,E124K,47.5,-1.3
Q9ZAG3,E124R,46.0,-2.8
Q9ZAG3,E45R,47.8,-1.0
Q9ZAG3,E68Q,49.3,0.5
Q9ZAG3,G18N,49.1,0.3
Q9ZAG3,I127F,46.3,-2.5
Q9ZAG3,I27M,47.0,-1.8
Q9ZAG3,K110R,47.3,-1.5
Q9ZAG3,K26R,48.0,-0.8
Q9ZAG3,K42R,47.5,-1.3
Q9ZAG3,L106R,46.5,-2.3
Q9ZAG3,L122F,41.3,-7.5
Q9ZAG3,L94F,48.8,0.0
Q9ZAG3,N92K,56.1,7.3
Q9ZAG3,N92R,50.6,1.8
Q9ZAG3,Q121V,38.8,-10.0
Q9ZAG3,Q69R,49.1,0.3
Q9ZAG3,S111K,46.5,-2.3
Q9ZAG3,S111R,48.8,0.0
Q9ZAG3,S12R,49.0,0.2
Q9ZAG3,S15K,48.5,-0.3
Q9ZAG3,S15P,49.0,0.2
Q9ZAG3,T76A,49.6,0.8
Q9ZAG3,T76K,50.3,1.5
Q9ZAG3,T85I,54.6,5.8
Q9ZAG3,T85L,51.3,2.5
Q9ZAG3,T85P,42.8,-6.0
Q9ZAG3,T85V,55.6,6.8
Q9ZAG3,Y62W,48.8,0.0
Q9ZAG3,Y96F,51.6,2.8
R9S082,G130A,84.2,2.0
R9S082,G24A,80.0,-2.2
R9S082,H117A,82.5,0.3
R9S082,I112A,70.1,-6.4
R9S082,I112L,74.5,-2.0
R9S082,I112M,72.8,-3.7
R9S082,I143A,73.0,-3.5
R9S082,I143A,78.3,-3.9
R9S082,I143L,78.3,1.8
R9S082,I143M,79.1,2.6
R9S082,I143V,76.2,-0.3
R9S082,I29A,72.1,-4.4
R9S082,I29L,74.8,-1.7
R9S082,I29M,74.8,-1.7
R9S082,I29V,76.6,0.1
R9S082,L10A,81.4,-0.8
R9S082,L136I,71.3,-5.2
R9S082,L136M,74.0,-2.5
R9S082,L136V,66.2,-8.3
R9S082,L138A,78.6,-3.6
R9S082,L150A,79.0,-3.2
R9S082,L30A,67.6,-8.9
R9S082,L30I,72.9,-3.6
R9S082,L30M,76.2,-0.3
R9S082,L30V,70.5,-6.0
R9S082,L50I,74.0,-2.5
R9S082,L70A,72.7,-3.8
R9S082,L70I,76.4,-0.1
R9S082,L70M,76.5,0.0
R9S082,L70V,76.2,-0.3
R9S082,P89A,83.3,1.1
R9S082,S118A,81.7,-0.5
R9S082,T52A,79.4,-2.8
R9S082,T68A,81.7,-0.5
R9S082,V115A,79.3,-2.9
R9S082,V14A,80.9,-1.3
R9S082,V67A,83.6,1.4
