UniProt_ID,Mutation,Î”Tm
A8PUY1,N277D,2.0
A8PUY1,N277F,-16.3
A8PUY1,N277L,-12.0
A8PUY1,N277V,-13.5
O68541,D348G,-4.5
O68541,V334A,-2.0
P00044,A7L,0.8
P00044,A7Y,1.8
P00044,C102A,7.6
P00044,C102S,11.3
P00044,C102T,5.6
P00044,F10I,-4.3
P00044,F10M,-15.2
P00044,F10W,-5.2
P00044,F10Y,-1.9
P00044,F82Y,-4.2
P00044,K73I,-5.0
P00044,K73V,-3.2
P00044,K73W,-5.1
P00044,L85A,-13.7
P00044,L94A,-16.2
P00044,L94I,1.3
P00044,L94T,-13.9
P00044,L94V,-4.0
P00044,P76G,-5.0
P00044,P76L,-4.9
P00044,P76R,-4.9
P00044,P76S,-5.7
P00044,P76V,-5.2
P00044,P76W,-6.5
P00044,P76Y,-6.8
P00044,T69E,5.2
P00044,T96A,4.3
P00044,V20C,1.1
P00044,Y97F,1.0
P00045,N52I,7.9
P00099,E43Y,5.1
P00099,F34Y,16.0
P00099,F7A,9.5
P00099,Q37R,4.3
P00099,V13M,3.2
P00099,V78I,8.4
P00099,Y27F,4.4
P00171,F35H,-12.5
P00171,F35L,-7.5
P00171,F35Y,0.6
P00171,V45E,-9.3
P00171,V45H,-5.3
P00171,V45Y,-5.9
P00171,V61E,-4.0
P00171,V61H,-5.9
P00171,V61K,-8.7
P00171,V61Y,-4.7
P00183,T101V,-2.1
P00644,A112C,-2.8
P00644,A112F,-6.7
P00644,A60C,-3.6
P00644,A69T,-13.6
P00644,A90S,-10.7
P00644,D19F,-4.6
P00644,D21K,7.9
P00644,D21N,7.2
P00644,D77G,-8.1
P00644,E101F,-14.2
P00644,E122F,-0.6
P00644,E52F,-0.3
P00644,E57C,-0.9
P00644,E57F,-0.9
P00644,E57G,-1.7
P00644,E73F,-4.8
P00644,E73G,-15.2
P00644,E75A,-5.6
P00644,E75G,-16.1
P00644,G29C,-4.6
P00644,G29F,-5.9
P00644,G50C,-2.6
P00644,G50F,-2.5
P00644,G79S,-7.9
P00644,G86F,-8.8
P00644,G88V,2.9
P00644,G96F,-11.0
P00644,H124L,5.3
P00644,H46Y,-0.6
P00644,I18M,-2.1
P00644,K116F,0.4
P00644,K116G,3.8
P00644,K127F,-0.9
P00644,K134C,-2.9
P00644,K134F,-1.7
P00644,K24G,-6.2
P00644,K28F,-4.2
P00644,K48F,0.0
P00644,K49F,-1.0
P00644,K70C,-2.8
P00644,K70F,0.0
P00644,K78C,0.4
P00644,K78F,-0.5
P00644,K84F,-3.0
P00644,L25A,-11.5
P00644,L89F,-7.5
P00644,M32I,-2.3
P00644,M32L,-3.2
P00644,M65F,-5.8
P00644,P117G,5.0
P00644,P117T,0.6
P00644,P47F,-0.6
P00644,Q123F,-1.3
P00644,Q80F,-1.5
P00644,R105C,-11.1
P00644,R105F,-15.1
P00644,S128A,4.0
P00644,S128F,-3.6
P00644,S59A,2.9
P00644,T120C,-5.5
P00644,T120I,-4.8
P00644,T120S,-2.0
P00644,T120V,-5.1
P00644,T13C,-3.4
P00644,T13S,-1.1
P00644,T13V,-1.1
P00644,T22C,-2.8
P00644,T22I,-3.3
P00644,T22S,-2.2
P00644,T22V,-2.7
P00644,T33C,-3.0
P00644,T33I,1.7
P00644,T33S,-4.8
P00644,T33V,1.8
P00644,T41C,2.1
P00644,T41I,4.0
P00644,T41S,-2.8
P00644,T41V,3.5
P00644,T44C,0.1
P00644,T44I,-3.8
P00644,T44S,-0.1
P00644,T44V,0.2
P00644,T62A,-7.6
P00644,T62C,-4.1
P00644,T62F,0.0
P00644,T62G,-15.9
P00644,T62H,-8.1
P00644,T62I,-2.7
P00644,T62K,-17.9
P00644,T62L,-4.9
P00644,T62M,-1.8
P00644,T62N,-16.3
P00644,T62Q,-12.9
P00644,T62S,-8.7
P00644,T62V,1.6
P00644,T82C,-1.9
P00644,T82I,1.2
P00644,T82S,-3.0
P00644,T82V,1.1
P00644,V104T,-9.9
P00644,V111T,-10.2
P00644,V114S,0.0
P00644,V114T,-0.4
P00644,V23A,-12.5
P00644,V23F,-6.3
P00644,V23T,-14.4
P00644,V39S,-10.8
P00644,V39T,-6.8
P00644,V51S,0.0
P00644,V51T,-0.3
P00644,V66A,-11.9
P00644,V66L,3.9
P00644,V66S,-13.4
P00644,V66T,-6.0
P00644,V66W,-7.8
P00644,V74T,-17.6
P00644,V99T,-14.6
P00644,Y113F,0.3
P00644,Y113L,-0.1
P00644,Y115F,0.2
P00644,Y115L,-0.6
P00644,Y27F,-3.0
P00644,Y54F,-1.0
P00644,Y54L,-12.2
P00644,Y85F,-0.5
P00644,Y85L,-0.7
P00644,Y91F,-6.8
P00644,Y91L,-13.9
P00644,Y93F,-7.2
P00698,A31I,3.6
P00698,A31L,4.7
P00698,A31V,3.1
P00698,D101A,2.0
P00698,D101E,0.0
P00698,D101F,1.9
P00698,D101G,1.2
P00698,D101K,0.5
P00698,D101N,0.1
P00698,D101Q,-0.2
P00698,D101R,0.7
P00698,D101S,2.3
P00698,F34Y,0.5
P00698,F3Y,-1.2
P00698,G102A,0.0
P00698,G102R,1.0
P00698,G102V,-0.1
P00698,G117A,-4.6
P00698,G49A,-5.7
P00698,G71A,-1.2
P00698,H15L,2.0
P00698,I55A,-11.6
P00698,I55F,-6.5
P00698,I55L,-1.2
P00698,I55M,-6.0
P00698,I55T,-13.1
P00698,I55V,-2.4
P00698,M12F,0.8
P00698,M12L,-1.8
P00698,N19K,-2.8
P00698,N77H,-1.0
P00698,Q121H,-1.2
P00698,R114H,1.8
P00698,R21Q,-0.4
P00698,R68K,-0.1
P00698,R73K,0.6
P00698,S91A,-0.4
P00698,S91D,-6.1
P00698,S91T,2.6
P00698,S91V,-0.2
P00698,S91Y,-8.1
P00698,T40I,-5.8
P00698,T40S,-0.7
P00720,D70N,-11.0
P00782,G169A,1.1
P00782,M50F,1.8
P00782,N218A,-3.3
P00782,N218S,3.2
P00782,N76D,1.7
P00782,Q206C,4.7
P00782,S87C,-1.7
P00782,T22C,-2.5
P00782,Y217K,2.7
P00918,E234P,0.8
P00918,K170P,-1.4
P00974,F22A,-9.0
P00974,F33A,-16.5
P00974,G12A,-16.1
P00974,G36A,-11.7
P00974,G36S,-4.7
P00974,G37A,-4.2
P00974,I18A,0.2
P00974,I19A,-4.8
P00974,K15A,-4.2
P00974,K46A,0.0
P00974,P13A,0.0
P00974,R17A,-4.7
P00974,R20A,0.0
P00974,R39A,0.0
P00974,T11A,-0.3
P00974,V34A,0.0
P00974,Y35A,-16.2
P00974,Y35G,-18.0
P01009,K331F,6.0
P01009,K331I,3.0
P01009,K331T,-1.0
P01009,K331V,4.0
P01009,S330R,-6.0
P01009,W194F,-0.5
P01009,W238F,-1.7
P01009,Y160A,-5.0
P01009,Y160W,6.0
P01053,E45A,-1.4
P01053,I39V,-6.5
P01053,I48V,-4.7
P01053,I76V,1.4
P01053,K43A,-1.3
P01053,L27A,-15.5
P01053,P44A,-9.1
P01053,S31A,-5.8
P01053,S31G,-4.6
P01053,V38A,-2.9
P01053,V70A,-12.7
P02185,G129A,2.0
P02185,G23A,-2.2
P02185,H116A,0.3
P02185,I111A,-6.4
P02185,I111L,-2.0
P02185,I111M,-3.7
P02185,I142A,-3.9
P02185,I142L,1.8
P02185,I142M,2.6
P02185,I142V,-0.3
P02185,I28A,-4.4
P02185,I28L,-1.7
P02185,I28M,-1.7
P02185,I28V,0.1
P02185,L11A,-0.8
P02185,L135I,-5.2
P02185,L135M,-2.5
P02185,L135V,-8.3
P02185,L137A,-3.6
P02185,L149A,-3.2
P02185,L29A,-8.9
P02185,L29I,-3.6
P02185,L29M,0.3
P02185,L29V,-6.0
P02185,L49I,-2.5
P02185,L69A,-3.8
P02185,L69I,-0.1
P02185,L69M,0.0
P02185,L69V,-0.3
P02185,L9A,-0.8
P02185,P88A,1.1
P02185,S117A,-0.5
P02185,T51A,-2.8
P02185,T67A,-0.5
P02185,V114A,-2.9
P02185,V13A,-1.3
P02185,V66A,1.4
P02631,P21A,-3.2
P02631,P26A,-3.2
P02640,H41Y,10.6
P02751,D7K,7.0
P02751,D7N,8.0
P02753,R139Q,-12.4
P02753,W105F,-2.2
P02753,W24F,-12.0
P02753,W24L,-12.3
P02753,W24Y,-11.0
P02753,W91H,-0.5
P06654,A23P,-1.4
P06654,A24P,-4.6
P06654,A48P,-6.8
P06654,G9P,-17.0
P06654,I6N,-13.2
P06654,I6T,-13.6
P06654,K10P,-8.4
P06654,T2P,-6.6
P06654,T53F,1.9
P06654,T53I,1.3
P06654,T53V,-1.6
P06654,T53Y,3.4
P06654,V21P,6.2
P07170,I213F,-7.7
P07170,N169D,-0.6
P07170,Q48E,-1.3
P07170,T110H,-4.8
P07170,T77H,-1.1
P07170,V8I,-1.5
P07751,A56E,-3.8
P07751,A56G,-4.6
P07751,A56K,-0.6
P07751,D48G,7.9
P07751,N47A,-3.5
P08758,E17G,0.3
P0A115,N154D,2.9
P0A2K1,C118S,-5.0
P0A2K1,C81S,-5.0
P0AEX9,P133A,-0.6
P0AEX9,P133S,-3.4
P0AEX9,P48A,-0.5
P0AEX9,P48S,0.3
P14756,D189A,-4.0
P14756,D201A,1.0
P14756,R179A,-7.0
P14756,R205A,1.0
P22364,W45Y,-8.1
P24297,I23V,-2.7
P24297,L32I,-4.5
P26514,W266A,-4.7
P26514,W266F,-3.3
P26514,W266H,-7.3
P26514,W274A,4.1
P26514,W274F,0.8
P26514,W274H,0.2
P26514,W85A,2.0
P26514,W85F,-4.0
P26514,W85H,-1.0
P26514,Y172A,-5.0
P26514,Y172F,-0.9
P26514,Y172S,1.6
P29160,D12A,0.4
P29160,D2A,-2.5
P29160,D44A,0.1
P29160,D48A,3.2
P29160,D87A,-9.2
P29160,E47A,2.0
P29160,E50A,2.3
P29160,E62A,-5.5
P29160,E64A,0.4
P29160,E69A,-2.0
P29160,E6A,-8.6
P29160,E90A,-0.8
P29160,H78A,-2.2
P29160,K15A,-6.1
P29160,K22A,1.0
P29160,K28A,-4.4
P29160,K33A,-6.4
P29160,K46A,-7.4
P29160,K9A,-8.4
P29160,K9M,-7.1
P29160,R21A,-1.4
P29160,R39A,-4.8
P29160,R42A,0.2
P29160,R54A,-5.4
P29160,R76A,-1.5
P29160,R8A,-7.0
P29160,R92A,-3.7
P29160,R92M,-3.1
P29957,E279W,-2.6
P29957,K300R,1.2
P29957,L219R,-1.5
P29957,N12R,-0.7
P29957,N150D,0.8
P29957,R64E,-1.4
P29957,V196F,1.4
P32081,D25Q,-8.1
P32081,E3Q,10.3
P32081,E50Q,-9.7
P32081,N10D,5.4
P32081,R56Q,3.0
P32081,S48E,0.7
P39476,F32Y,-10.4
P39476,W24A,-6.1
P41365,A281E,-6.8
P41365,V210I,0.8
P41365,V221D,-2.0
P48842,D182N,0.5
P48842,D58N,0.7
P48842,G306A,1.1
P48842,Y295F,0.3
P61626,A32L,-0.3
P61626,A32S,-1.0
P61626,A47P,0.3
P61626,A92S,2.6
P61626,A96M,0.1
P61626,A96S,-3.3
P61626,A9S,-0.1
P61626,D102N,-1.8
P61626,D18N,-4.6
P61626,D49N,-2.7
P61626,D91P,-1.1
P61626,E35L,-1.8
P61626,E7Q,-3.9
P61626,G105A,-2.1
P61626,G127A,-1.7
P61626,G129A,0.5
P61626,G16A,-4.6
P61626,G19A,-5.5
P61626,G22A,-7.2
P61626,G37Q,-0.8
P61626,G48A,1.5
P61626,G68A,-0.4
P61626,G72A,-1.1
P61626,H78A,-0.5
P61626,H78G,-0.5
P61626,I106A,-3.0
P61626,I106V,-3.45
P61626,I23A,-8.1
P61626,I23V,-1.6
P61626,I56A,-12.5
P61626,I56F,-15.0
P61626,I56G,-2.7
P61626,I56L,-0.3
P61626,I56M,-5.8
P61626,I56T,-12.5
P61626,I56V,-4.95
P61626,I59A,-5.5
P61626,I59F,-2.6
P61626,I59G,-12.7
P61626,I59L,0.0
P61626,I59M,-4.2
P61626,I59S,-11.8
P61626,I59T,-6.9
P61626,I59V,-4.4
P61626,I59Y,-13.8
P61626,I89A,-8.7
P61626,I89V,-2.05
P61626,K1A,-2.2
P61626,K1M,-0.5
P61626,L8T,-12.4
P61626,N118A,0.6
P61626,N118G,0.2
P61626,N27L,0.4
P61626,P103G,-0.1
P61626,P71G,-4.7
P61626,Q58A,3.1
P61626,Q58G,5.7
P61626,R21A,4.5
P61626,R21G,3.7
P61626,R50A,1.4
P61626,R50G,0.9
P61626,S24A,-1.6
P61626,S36A,-3.5
P61626,S51A,-0.7
P61626,S61A,-4.3
P61626,S80A,1.4
P61626,S82A,1.1
P61626,T11A,1.2
P61626,T11V,1.0
P61626,T40A,-4.7
P61626,T40V,-4.2
P61626,T43A,-1.1
P61626,T43V,3.2
P61626,T52A,-2.9
P61626,T52V,-2.8
P61626,T70A,-4.7
P61626,T70V,-2.1
P61626,V100A,-1.7000000000000002
P61626,V100F,-6.5
P61626,V100T,-0.9
P61626,V110A,0.9
P61626,V110D,0.5
P61626,V110F,-0.2
P61626,V110G,1.6
P61626,V110I,2.7
P61626,V110L,0.2
P61626,V110M,1.6
P61626,V110N,0.2
P61626,V110P,1.2
P61626,V110R,2.9
P61626,V110Y,-0.5
P61626,V121A,-6.9
P61626,V125A,-5.5
P61626,V130A,-3.7
P61626,V2A,-6.25
P61626,V2D,-4.5
P61626,V2F,-2.7
P61626,V2G,-7.5
P61626,V2I,3.4
P61626,V2L,-0.2
P61626,V2M,-1.0
P61626,V2N,-4.1
P61626,V2R,-1.3
P61626,V2S,-4.4
P61626,V2Y,-1.2
P61626,V74A,-1.5
P61626,V74D,-1.4
P61626,V74F,-0.9
P61626,V74G,-0.7
P61626,V74I,1.7
P61626,V74L,0.6
P61626,V74M,2.0
P61626,V74N,-1.0
P61626,V74R,-0.3
P61626,V74S,-1.2
P61626,V74Y,-0.9
P61626,V93A,-3.35
P61626,V93T,-2.3
P61626,V99A,-3.7
P61626,V99T,-1.6
P61626,Y124F,-1.1
P61626,Y20F,-1.5
P61626,Y38A,-8.9
P61626,Y38G,-8.2
P61626,Y45F,0.2
P61626,Y54F,-3.0
P61823,A109G,-2.6
P61823,A4S,-1.5
P61823,A5S,-1.1
P61823,A64G,-2.2
P61823,D38W,-3.5
P61823,F46L,-11.1
P61823,F46V,-12.3
P61823,F8W,-8.9
P61823,G88R,0.8
P61823,I106A,-14.9
P61823,I106L,-6.3
P61823,I106V,-3.0
P61823,I107A,-10.3
P61823,I107L,-8.6
P61823,I107V,0.6
P61823,I81A,-10.3
P61823,I81G,-17.0
P61823,I81V,-0.7
P61823,K104W,-10.9
P61823,K1W,3.3
P61823,N67D,-0.2
P61823,P114A,-10.6
P61823,P114G,-9.5
P61823,P117A,-6.7
P61823,P42A,-1.4
P61823,P93A,-10.7
P61823,P93G,-6.2
P61823,S123A,1.4
P61823,S75A,-7.9
P61823,S75C,-17.9
P61823,S75T,-8.9
P61823,V108A,-14.7
P61823,V108I,0.1
P61823,V108L,-2.4
P61823,V116A,-3.2
P61823,V116G,-4.4
P61823,V118A,-5.5
P61823,V118G,-10.1
P61823,V124W,-4.5
P61823,V47A,-13.0
P61823,V54A,-8.2
P61823,V54G,-17.2
P61823,V54I,-2.6
P61823,V54L,-3.3
P61823,V57A,-9.3
P61823,V57G,-19.9
P61823,V57I,-0.2
P61823,V57L,-7.3
P61823,V63A,0.1
P61823,V63G,-11.9
P61823,Y115W,-4.4
P61823,Y73W,-2.5
P61823,Y76W,-6.1
P61823,Y92W,1.1
P61823,Y97F,-10.1
Q03023,A8P,-0.4
Q03023,D10A,0.0
Q03023,D10P,-5.5
Q03023,W15F,-4.7
Q8NJY3,C175G,1.3
Q8NJY3,C175S,0.2
Q8NJY3,C206P,-9.1
Q8NJY3,C206S,-5.4
Q8NJY3,C216S,-5.5
Q8NJY3,C216V,0.8
Q9BY41,A188T,-3.6
Q9BY41,C153F,-1.9
Q9BY41,H334R,-7.0
Q9BY41,I243N,-9.5
Q9BY41,T311M,-7.8
Q9REI6,G405Q,-0.6
Q9REI6,G92P,1.2
Q9REI6,N197K,0.6
Q9ZEU2,D144A,0.2
Q9ZEU2,D144E,-1.4
Q9ZEU2,D144I,-1.6
Q9ZEU2,D507A,0.8
Q9ZEU2,D507I,0.6
Q9ZEU2,F250A,-3.4
Q9ZEU2,F250N,-3.2
Q9ZEU2,F250Y,-0.8
Q9ZEU2,H187A,-1.6
Q9ZEU2,H187C,-0.2
Q9ZEU2,H187D,-3.4
Q9ZEU2,H187F,-3.6
Q9ZEU2,H187G,-2.8
Q9ZEU2,H187I,-6.6
Q9ZEU2,H187K,-0.4
Q9ZEU2,H187L,-6.4
Q9ZEU2,H187M,-0.2
Q9ZEU2,H187N,-1.4
Q9ZEU2,H187Q,-3.0
Q9ZEU2,H187R,-5.0
Q9ZEU2,H187S,-0.8
Q9ZEU2,H187T,-4.0
Q9ZEU2,H187V,-4.0
Q9ZEU2,H187W,-5.8
Q9ZEU2,H187Y,-3.2
Q9ZEU2,H392A,1.0
Q9ZEU2,H392C,0.8
Q9ZEU2,H392E,0.4
Q9ZEU2,H392F,-2.4
Q9ZEU2,H392G,0.8
Q9ZEU2,H392I,-0.2
Q9ZEU2,H392K,-1.6
Q9ZEU2,H392L,-0.4
Q9ZEU2,H392M,0.4
Q9ZEU2,H392N,-0.2
Q9ZEU2,H392P,2.2
Q9ZEU2,H392Q,-0.4
Q9ZEU2,H392S,0.2
Q9ZEU2,H392T,0.4
Q9ZEU2,H392V,0.2
Q9ZEU2,H392W,0.4
Q9ZEU2,H392Y,2.0
Q9ZEU2,R284D,1.6
Q9ZEU2,R284H,0.4
Q9ZEU2,R284K,1.6
Q9ZEU2,R284V,1.8
Q9ZEU2,R446E,-2.2
Q9ZEU2,R446F,0.2
Q9ZEU2,R509A,0.0
Q9ZEU2,Y147A,-1.0
Q9ZEU2,Y147F,-0.2
Q9ZEU2,Y147N,-1.0
A0A0C4MBH9,D146A,-5.3
A0A0C4MBH9,D146E,-5.5
A0A0C4MBH9,D404A,-7.1
A0A0C4MBH9,D404E,-6.4
A0A0E3N843,C557S,3.8
A0A0E3N843,E580Q,-28.6
E2E2L9,E495Q,7.0
E2E2L9,Q488L,-2.0
E2E2L9,T491I,4.0
E2E2L9,V481T,-6.0
E2G6P2,A341S,3.6
E2G6P2,F184L,1.0
E2G6P2,P250L,4.5
E2G6P2,V126A,5.8
E9Q401,R1013Q,2.6
E9Q401,R169Q,-2.82
G2QNH0,Q302A,1.2
O00299,E85L,-7.4
O14842,Y202A,3.3499999999999996
O60755,A115L,2.9
O60755,A141L,3.3
O60755,A198L,2.3
O60755,A19L,2.2
O60755,A236L,1.5
O60755,A268L,2.0
O60755,A49L,4.4
O60755,A97L,3.7
O60755,C272A,3.8
O60755,C70A,2.0
O60755,G144A,1.7
O60755,L100A,3.7
O60755,L208A,3.5
O60755,L211A,3.3
O60755,L93A,4.7
O60755,P21A,2.5
O60755,R120A,3.3
O60755,R125A,3.7
O60755,R235A,3.4
O60755,S110A,5.6
O60755,S117A,3.3
O60755,V116A,6.1
O60755,W50A,4.0
O75923,P731R,-5.4
O75923,V705M,-10.7
P00171,V50E,-9.25
P00171,V50H,-5.25
P00171,V50Y,-5.85
P02942,A233P,-3.5
P02942,E248L,5.5
P02942,M222P,-15.5
P07017,A436V,3.1
P07017,E301K,0.9
P07017,S325L,-0.6
P07017,T311I,0.2
P07017,V346M,-0.3
P07017,V433I,0.6
P07700,Q372L,-1.405
P07700,R365L,-2.1550000000000002
P09803,E167A,-16.8
P0A917,D147N,-17.133333333333336
P0A917,E151N,-20.566666666666666
P0A917,K43N,-4.333333333333333
P0A917,K50N,-41.666666666666664
P0A917,R170N,-16.233333333333334
P0A917,R52N,-20.666666666666668
P0A925,A83F,-0.07500000000000007
P0A925,D211E,-4.6875
P0A925,F61W,-1.15
P0A925,G89L,-0.3499999999999999
P0A925,G91M,2.0875
P0A925,H163A,-1.0875
P0A925,H207A,7.175
P0A925,H57F,-1.175
P0A925,I116M,1.0625
P0A925,K93E,-0.4625000000000001
P0A925,K97A,-2.0500000000000003
P0A925,L58F,0.775
P0A925,Q90A,-1.1124999999999998
P0A925,R104A,-1.4875
P0A925,R201A,3.0125
P0A925,V54F,0.475
P0A925,V88F,-0.3375
P0C0Y9,H146F,0.85
P11686,I73T,-1.1
P11716,G1050S,2.0
P11716,R1044C,-3.1750000000000003
P11716,R2840W,-1.58
P11716,S2843P,-4.8
P13738,D133C,-25.0
P31652,A169L,2.0
P31652,A505I,4.03
P31652,A505L,6.0
P31652,A505V,0.12
P31652,F311A,2.0
P31652,F311G,7.2
P31652,F311V,5.02
P31652,G113A,5.0
P31652,G113L,15.2
P31652,G113V,10.3
P31652,G115A,1.0
P31652,G115V,-0.7
P31652,G278A,3.0
P31652,G278I,12.4
P31652,G278V,0.3
P31652,L169A,2.1
P31652,L405A,1.0
P31652,L405G,0.05
P31652,L405V,3.2
P31652,L406A,1.0
P31652,L406G,-1.8
P31652,L505A,0.12
P31652,L99A,4.0
P31652,P499A,7.0
P31652,P499G,3.2
P31652,P499V,7.2
P37001,L82Q,0.89
P37001,Q185A,2.8
P37001,Q185C,2.8
P37001,Q185D,-8.2
P37001,Q185E,-3.2
P37001,Q185F,-6.7
P37001,Q185G,0.79
P37001,Q185H,1.1
P37001,Q185I,-3.7
P37001,Q185K,0.29
P37001,Q185L,-9.0
P37001,Q185M,-3.7
P37001,Q185N,0.5
P37001,Q185P,-1.4
P37001,Q185R,4.8
P37001,Q185S,8.2
P37001,Q185T,7.8
P37001,Q185V,-1.9
P37001,Q185W,-6.7
P37001,Q185Y,-4.2
P37001,S116K,1.39
P41181,S256E,-13.4
P41181,S261E,-9.83
P41181,S264E,-9.44
P41181,T269E,-4.3
P45880,W160F,-2.5
P45880,W221F,-1.3
P45880,W75F,-2.6
P45880,W86F,2.2
P48039,F179A,-10.133333333333333
P48039,N162A,-0.09999999999999999
P48039,P80A,-7.1
P48039,Y79A,-11.1
P48039,Y79F,-5.8
P51677,A237D,-0.1
P51677,R307E,-0.64
P78363,C1488R,17.0
P78363,W1408L,7.4
P78382,E196K,-1.3333333333333333
P78382,E52A,-6.433333333333334
P78382,K124A,-3.233333333333334
P78382,K272A,-3.8333333333333335
P78382,K55A,-4.3
P78382,N102A,-7.833333333333333
P78382,S95A,5.666666666666667
P78382,T156R,-6.866666666666667
P78382,Y214A,-3.25
P78382,Y98A,-6.666666666666667
Q01959,I248F,4.2
Q01959,I248L,1.7
Q01959,I248V,-1.3
Q01959,I248W,-2.8
Q01959,I248Y,2.7
Q02846,K848Q,-9.5
Q02846,Q847L,-1.9
Q07813,C126A,3.2
Q07813,C62A,2.0
Q07813,L45C,-5.7
Q07813,M191C,2.3
Q07813,S4C,-5.5
Q13936-18,S1458A,3.0
Q6NUK1,D182A,-9.5
Q6NUK1,E183A,-14.6
Q6NUK1,E282A,-3.6
Q6NUK1,E290A,-2.85
Q6NUK1,K277A,-3.85
Q6NUK1,N382A,-7.6
Q6NUK1,R196A,-7.1
Q6NUK1,R291A,-16.6
Q89683,G541R,-9.5
Q8ZR06,K120S,-0.9
Q8ZR06,Q86L,0.4
Q97UY8,E166A,1.6062500000000002
Q97UY8,E166Q,1.665625
Q9KCR8,N225D,2.0
Q9UMD9,G609D,-16.0
Q9UMD9,G612R,-16.0
Q9UMD9,G627V,-20.0
Q9UMD9,G633D,-20.0
Q9UMD9,V703M,0.0
Q9Y277,C122A,2.5
Q9Y277,C2A,4.0
Q9Y277,C8A,1.7
Q9Y6R1-2,R298S,-5.0
A0A060GYS1,H22R,9.9
A0A060GYS1,P224R,2.3
A0A410ZNC6,A341S,3.6
A0A410ZNC6,F184L,1.0
A0A410ZNC6,P250L,4.5
A0A410ZNC6,V126A,5.8
A0A7H0P088,E67A,0.5
A0A7H0P088,H118A,-20.5
A0A7H0P088,H151A,-17.5
A0A7H0P088,H65A,-2.0
A5H7H0,D119K,0.25
A5H7H0,D210A,-2.17
A5H7H0,D210S,-1.25
A5H7H0,H116A,0.4
A5H7H0,H116S,-0.07
A5H7H0,V170R,-2.26
B8YLY0,M165E,1.7
B8YLY0,M168P,2.9
B8YLY0,N277D,2.0
B8YLY0,N277L,-12.0
B8YLY0,N277V,-13.5
B8YLY0,S194P,1.0
D0WVP7,L261Q,-10.6
D0WVP7,L272P,-3.8
D0WVP7,L272R,-7.9
D4Z2G1,A133V,0.0
D4Z2G1,A247F,16.5
D4Z2G1,A271I,9.5
D4Z2G1,A271V,11.0
D4Z2G1,D147H,8.5
D4Z2G1,D147L,14.0
D4Z2G1,D147M,15.0
D4Z2G1,D147Y,14.0
D4Z2G1,D149K,16.5
D4Z2G1,D149Q,11.0
D4Z2G1,E139H,10.5
D4Z2G1,E139K,7.5
D4Z2G1,E139Q,7.5
D4Z2G1,E139T,9.5
D4Z2G1,E78H,0.0
D4Z2G1,F169V,13.0
D4Z2G1,L248F,10.5
D4Z2G1,L248W,11.0
D4Z2G1,Q152L,10.5
D4Z2G1,Q172K,10.5
D4Z2G1,T249L,11.5
D4Z2G1,T249M,9.5
D4Z2G1,T249V,9.0
D4Z2G1,V220M,10.0
O00095,A204G,0.5
O00095,A51S,-4.0
O00095,A51V,7.7
O00095,A82N,0.1
O00095,G186C,2.1
O00095,G57A,2.5
O00095,N107D,0.5
O00095,N183S,0.2
O00095,P217C,3.9
O00095,S159T,0.5
O00095,S55N,0.5
O00095,S79V,-0.8
O00095,S93G,0.1
O00095,T179S,0.3
O00095,V226C,0.1
O00189,D190A,-4.9
O00189,R283D,-3.0
O15020,L253P,-14.9
O25949,C163A,-4.0
O25949,D126A,-7.0
O25949,E153A,-4.8999999999999995
O25949,E155A,-11.350000000000001
O25949,E156A,-9.0
O25949,K157A,-6.300000000000001
O25949,K161A,-5.75
O25949,L162A,-4.85
O25949,Q160A,-5.4
O25949,S154A,-4.75
O25949,S164A,-3.6999999999999997
O25949,W159A,-17.0
O25949,W159F,-6.65
O49003,C450A,3.0
O60880,F87S,-7.3
O60880,G93D,-8.7
O60880,L31P,-12.2
O60880,R55L,-6.3
O60880,Y54C,-9.6
O60885,A420D,-3.0
O60885,A89V,0.1
O61594,A263F,-5.4
O61594,D260A,-5.300000000000001
O61594,E261A,0.19999999999999996
O61594,E265A,-0.6000000000000001
O61594,F251A,-3.2
O61594,F334A,-2.8
O61594,K366A,-4.25
O61594,L100A,1.5
O61594,L335A,-6.25
O61594,L350A,-1.85
O61594,L389A,1.0
O61594,M262F,-0.15
O61594,N249A,-6.75
O61594,N391A,-0.30000000000000004
O61594,S247A,0.0
O61594,S358A,-3.15
O61594,V336F,-13.5
O61594,Y390A,-1.45
O61594,Y420A,-8.4
O68541,A334V,3.5
O68541,G348D,6.0
O95295,C66S,1.8
O95571,R163Q,-7.0
O95571,R163W,-10.0
P00004,L95V,-4.0
P00004,M81A,2.45
P00004,T50V,1.45
P00044,A13Y,0.6
P00044,C108A,11.6
P00044,C108S,11.3
P00044,C108T,4.15
P00044,F16I,-4.3
P00044,F16W,-8.75
P00044,F16Y,-4.45
P00044,K79I,-0.4222222222222223
P00044,K79V,0.611111111111111
P00044,K79W,-5.877777777777778
P00044,L100A,-16.2
P00044,L100I,-0.19999999999999996
P00044,L100V,-4.0
P00044,N58A,4.5
P00044,N58H,-1.7
P00044,N58L,12.9
P00044,N58M,13.45
P00044,N58S,-2.5333333333333328
P00044,N58T,1.5999999999999999
P00044,N58V,8.850000000000001
P00044,P82G,-5.0
P00044,P82L,-4.9
P00044,P82R,-4.9
P00044,P82S,-5.7
P00044,P82V,-5.2
P00044,P82W,-6.5
P00044,P82Y,-6.8
P00044,Y103A,-21.7
P00044,Y103F,-0.55
P00099,E65Y,5.1
P00099,F29A,9.5
P00099,F56Y,16.0
P00099,Q59R,4.3
P00099,V100I,7.050000000000001
P00099,V35M,3.2
P00099,Y49F,4.45
P00157,V50E,-9.25
P00157,V50H,-5.25
P00157,V50Y,-5.85
P00171,D76R,3.4
P00171,I41L,-0.8
P00171,L87S,-10.2
P00171,P97A,-13.549999999999999
P00171,S23C,1.45
P00183,T102V,-1.442857142857143
P00257,C153S,4.36
P00257,D134E,2.01
P00257,F117W,-14.6
P00257,F122W,-3.2
P00257,F69W,-5.3
P00257,H114Q,-4.94
P00257,H114R,-2.11
P00257,H114T,-2.64
P00257,T112A,-4.29
P00257,T112S,0.21
P00257,Y140F,0.11
P00257,Y140L,-0.69
P00257,Y140S,-0.79
P00257,Y140W,-0.19499999999999998
P00282,K44R,0.3333333333333333
P00441,A5V,3.63
P00441,D91A,-7.17
P00441,T3D,-2.85
P00445,G86R,32.5
P00445,G94A,20.0
P00563,D122A,0.0
P00563,D122N,2.1
P00644,A142C,-3.6
P00644,A151T,-13.7
P00644,A172S,-12.1
P00644,A194F,-6.7
P00644,D101F,-4.55
P00644,D159G,-8.1
P00644,D225F,-0.7
P00644,E134F,-0.25
P00644,E139C,-0.9
P00644,E139F,-0.7666666666666667
P00644,E149F,-5.8
P00644,E155F,-4.75
P00644,E155G,-15.2
P00644,E157A,-5.6
P00644,E157V,-6.6
P00644,E183F,-14.700000000000001
P00644,F116C,15.333333333333334
P00644,G111C,-4.6
P00644,G111F,-5.933333333333334
P00644,G132C,-2.6
P00644,G132F,-2.5
P00644,G161S,-7.5
P00644,G168F,-8.8
P00644,G170V,3.6
P00644,G170W,4.699999999999999
P00644,G178F,-11.0
P00644,H128Y,-0.6
P00644,H206L,6.9
P00644,I100M,-2.1
P00644,K106G,-6.3
P00644,K110F,-4.2
P00644,K130F,-0.05000000000000002
P00644,K131F,-1.0
P00644,K152C,-2.8
P00644,K152F,0.0
P00644,K152W,-3.4
P00644,K160F,-0.5
P00644,K166F,-2.95
P00644,K198F,0.4
P00644,K198G,3.8
P00644,K209F,-0.8999999999999999
P00644,K216C,-2.9
P00644,K218F,-5.95
P00644,L107A,-13.65
P00644,L171F,-7.5
P00644,L219A,-8.7
P00644,L89A,-3.2
P00644,M114I,-2.3
P00644,M114L,-3.2
P00644,M147F,-5.75
P00644,P129F,-0.55
P00644,P199G,5.0
P00644,P199T,0.6
P00644,Q162F,-1.4500000000000002
P00644,Q205F,-1.25
P00644,R187C,-11.1
P00644,R187F,-15.1
P00644,S210A,3.95
P00644,S210F,-3.55
P00644,S223A,-0.8333333333333334
P00644,S229A,-0.04999999999999999
P00644,T104I,-3.3
P00644,T104S,-2.15
P00644,T115C,-2.95
P00644,T115I,1.6500000000000001
P00644,T115S,-4.8
P00644,T123C,2.1
P00644,T123I,4.1
P00644,T123S,-2.75
P00644,T123V,3.45
P00644,T126C,0.1
P00644,T126I,-3.75
P00644,T126V,0.25
P00644,T144A,-7.55
P00644,T144C,-4.05
P00644,T144F,0.04999999999999999
P00644,T144G,-15.850000000000001
P00644,T144H,-8.1
P00644,T144I,-2.95
P00644,T144K,-17.85
P00644,T144L,-4.85
P00644,T144M,-1.7999999999999998
P00644,T144N,-16.3
P00644,T144S,-8.65
P00644,T144V,1.5750000000000002
P00644,T164C,-1.85
P00644,T164I,1.2000000000000002
P00644,T164V,1.15
P00644,T202C,-5.449999999999999
P00644,T202I,-4.8
P00644,T202S,-2.0
P00644,T202V,-5.1
P00644,T95C,-3.3499999999999996
P00644,T95S,-1.05
P00644,T95V,-1.1
P00644,V105A,-12.5
P00644,V105F,-10.2
P00644,V105T,-14.35
P00644,V121S,-10.8
P00644,V133S,-0.04999999999999999
P00644,V133T,-0.25
P00644,V148A,-12.319999999999999
P00644,V148L,4.7749999999999995
P00644,V148S,-13.4
P00644,V148T,-6.0
P00644,V156T,-17.6
P00644,V186T,-9.9
P00644,V193T,-10.149999999999999
P00644,V196S,0.04999999999999999
P00644,V196T,-0.35
P00644,W222F,-11.6
P00644,W222H,-8.9
P00644,W222Y,-12.1
P00644,Y136F,-1.0
P00644,Y136L,-12.2
P00644,Y167F,-0.5
P00644,Y167L,-0.7
P00644,Y173L,-13.95
P00644,Y175F,-7.199999999999999
P00644,Y195F,0.25
P00644,Y195L,-0.09999999999999998
P00644,Y197F,0.15000000000000002
P00648,D101N,-7.275
P00648,D55A,-1.91
P00648,D59A,-1.0
P00648,D59G,-2.125
P00648,D69M,-1.57
P00648,E120G,-12.7
P00648,G100A,-8.6
P00648,G100V,-19.6
P00648,G99A,-13.3
P00648,G99V,-21.1
P00648,I102G,-5.3
P00648,I135A,-11.2
P00648,I135G,-20.8
P00648,I135V,-3.135
P00648,I143A,-9.6
P00648,I143V,-2.33
P00648,I98V,-4.53
P00648,L136G,-8.7
P00648,L142G,-9.1
P00648,L61A,-11.9
P00648,Q62A,-0.9
P00648,Q62G,-2.0
P00648,R116M,-5.77
P00648,R119G,-5.7
P00648,R130Q,-3.29
P00648,S138A,-4.805
P00648,S139A,-7.13
P00648,T147G,-4.3
P00648,T63R,1.33
P00648,T73G,-4.06
P00648,Y144G,-17.9
P00648,Y60G,-15.6
P00648,Y64G,-10.3
P00651,A135G,-2.6
P00651,A30S,-1.4433333333333334
P00651,A31S,-0.71
P00651,A90G,-2.2
P00651,D102A,-15.2
P00651,D102N,-13.8
P00651,D102S,-13.6
P00651,D44G,-0.7
P00651,D64W,-3.15
P00651,E84A,-2.3
P00651,F34W,-9.5
P00651,F72A,-22.4
P00651,F72L,-11.1
P00651,F72V,-12.1
P00651,G114R,0.8
P00651,H118A,-1.3
P00651,H66T,-0.5
P00651,I107A,-10.3
P00651,I107G,-17.0
P00651,I107V,-0.7
P00651,I132A,-14.9
P00651,I132L,-6.3
P00651,I132V,-3.0
P00651,I133A,-10.3
P00651,I133L,-8.6
P00651,I133V,0.6
P00651,K130W,-10.100000000000001
P00651,K27W,2.55
P00651,K34A,-2.2
P00651,N107A,-8.6
P00651,N35A,-2.1
P00651,N62A,0.0
P00651,N70A,-5.3
P00651,N70S,-5.0
P00651,N93D,-1.4000000000000001
P00651,P119A,-10.7
P00651,P119G,-6.75
P00651,P140A,-10.6
P00651,P140G,-9.85
P00651,P143A,-6.7
P00651,P68A,-1.4
P00651,Q37E,-0.8
P00651,Q51K,3.042857142857143
P00651,R32A,-2.7
P00651,S101A,-7.9
P00651,S101C,-17.9
P00651,S101T,-8.9
P00651,S149A,2.85
P00651,S43A,1.7
P00651,S45N,0.5
P00651,S90A,-4.6
P00651,T117A,-10.6
P00651,T117V,-11.8
P00651,T119A,-2.3
P00651,T119V,-3.2
P00651,V104A,-7.9
P00651,V104S,-16.6
P00651,V104T,-10.55
P00651,V115C,-4.9
P00651,V115S,-21.6
P00651,V115T,-13.2
P00651,V134A,-14.7
P00651,V134G,-28.6
P00651,V134I,0.1
P00651,V134L,-2.4
P00651,V142A,-3.2
P00651,V142G,-4.4
P00651,V144A,-5.5
P00651,V144G,-10.1
P00651,V150W,-3.75
P00651,V42A,-7.6
P00651,V42C,-9.25
P00651,V42T,-10.350000000000001
P00651,V73A,-13.0
P00651,V73G,-26.8
P00651,V80A,-8.2
P00651,V80G,-17.2
P00651,V80I,-2.6
P00651,V80L,-3.3
P00651,V83A,-9.3
P00651,V83G,-19.9
P00651,V83I,-0.2
P00651,V83L,-7.3
P00651,V89A,0.1
P00651,V89G,-11.9
P00651,W85Y,4.3
P00651,Y102W,-5.8
P00651,Y118W,1.8
P00651,Y123A,-34.3
P00651,Y123F,-10.1
P00651,Y123G,-33.3
P00651,Y141W,-4.2
P00651,Y37F,-6.0
P00651,Y50W,1.6
P00651,Y68F,3.4
P00651,Y68W,-0.6
P00651,Y71W,-1.4500000000000002
P00651,Y82F,-2.1
P00651,Y83F,-1.3
P00651,Y94F,-4.0
P00651,Y99W,-4.3
P00698,A49I,3.6
P00698,A49L,4.7
P00698,A49V,3.1
P00698,D119A,2.0
P00698,D119E,0.0
P00698,D119F,1.9
P00698,D119G,1.2
P00698,D119K,0.5
P00698,D119N,0.1
P00698,D119Q,-0.2
P00698,D119R,0.7
P00698,D119S,2.3
P00698,F21Y,-1.2
P00698,F52Y,0.5
P00698,G120A,0.0
P00698,G120R,1.0
P00698,G120V,-0.1
P00698,G135A,-4.6
P00698,G85A,-2.9
P00698,G89A,-1.2
P00698,H33L,2.0
P00698,I73F,-6.5
P00698,I73M,-6.0
P00698,I73T,-13.1
P00698,I73V,-2.4
P00698,M30F,0.8
P00698,M30L,-1.8
P00698,N37K,-2.8
P00698,Q139H,-1.2
P00698,R132H,1.8
P00698,R39Q,-0.4
P00698,R86K,-0.1
P00698,R91K,0.6
P00698,S109A,-0.4
P00698,S109D,-6.1
P00698,S109T,2.6
P00698,S109V,-0.2
P00698,S109Y,-8.1
P00698,T58I,-5.8
P00698,T58S,-0.7
P00711,A125S,-6.1
P00711,D33N,-3.0
P00711,D56N,14.4
P00711,E20M,10.0
P00711,E20Q,6.8
P00711,E26Q,7.9
P00711,E30L,9.7
P00711,E44A,1.1
P00711,H126A,-4.1
P00711,H126W,-8.7
P00711,H126Y,-1.0
P00711,H51A,-11.6
P00711,H51Y,0.3
P00711,I78W,-4.5
P00711,K133E,-3.2
P00711,K133N,10.7
P00711,K133Q,-2.7
P00711,L129E,-1.1
P00711,L129H,6.3
P00711,L129R,1.9
P00711,Q136A,-4.1
P00711,V61A,-4.5
P00711,V61G,-5.2
P00711,V61N,-1.1
P00711,W123Y,-12.5
P00711,W137H,-3.3
P00711,W137Y,-5.4
P00711,Y122A,-10.7
P00711,Y122P,-1.1
P00712,T57A,-5.85
P00712,W137F,0.8666666666666667
P00712,W79F,-2.8000000000000003
P00720,A98F,-20.4
P00720,A98I,-16.1
P00720,A98W,-19.3
P00720,D159C,0.7
P00720,D89A,-1.3
P00720,K85A,-0.04999999999999999
P00720,L66P,-38.2
P00720,L91P,-34.3
P00720,L99G,-24.75
P00720,M102K,-21.799999999999997
P00720,N163D,-0.495
P00720,R96D,-7.35
P00720,R96E,-5.55
P00720,R96F,-11.35
P00720,R96G,-7.3
P00720,R96I,-6.75
P00720,R96K,-0.44999999999999996
P00720,R96L,-7.9
P00720,R96M,-6.15
P00720,R96N,-8.0
P00720,R96P,-16.05
P00720,R96Q,-1.2999999999999998
P00720,R96T,-7.4
P00720,R96V,-5.6
P00720,R96W,-11.9
P00720,R96Y,-12.75
P00749,W50F,-24.8
P00750,V280I,0.5
P00750,V280M,-9.9
P00750,V280T,-4.3
P00750,W277F,-17.1
P00750,W277H,-19.0
P00750,W277S,-19.0
P00750,W277Y,-12.3
P00750,W288F,-1.7
P00750,W288L,-3.7
P00750,W288S,-3.5
P00750,W288Y,-2.4
P00750,Y290A,-0.39999999999999947
P00750,Y290E,-2.750000000000001
P00750,Y290F,2.95
P00750,Y290K,-2.2
P00750,Y290L,-1.0500000000000007
P00750,Y290Q,4.799999999999999
P00750,Y290W,1.9499999999999993
P00782,G276A,1.1
P00782,M157F,1.8
P00782,N183D,1.7
P00782,N325A,-3.3
P00782,N325S,3.2
P00782,Q313C,4.7
P00782,S194C,-1.7
P00782,T129C,-2.5
P00782,Y324K,2.7
P00883,D129A,-11.3
P00883,D129G,-12.2
P00883,D129N,-10.899999999999999
P00883,D129Q,-10.7
P00883,D129V,-12.0
P00889,D402E,-1.1
P00889,D402G,4.6
P00889,D402N,5.8
P00889,D402Q,11.1
P00889,H301G,-1.9
P00889,H301R,-1.1
P00918,E233P,0.8
P00918,G144R,-7.0
P00918,H94Y,-15.5
P00918,K169P,-1.4
P00918,Y7D,-7.5
P00918,Y7F,-3.7
P00918,Y7I,-7.7
P00918,Y7N,-7.7
P00918,Y7W,-7.5
P00929,C118S,-5.0
P00942,C126A,-11.2
P00942,C126S,-12.1
P00943,H13N,1.0
P00943,K14G,-3.0
P00974,D38A,1.4
P00974,D85A,-2.6
P00974,E42A,-11.2
P00974,E84A,-1.3
P00974,F39A,-21.0
P00974,F57A,-11.85
P00974,F68A,-16.5
P00974,F80A,-38.0
P00974,G47A,-14.600000000000001
P00974,G63A,-7.3
P00974,G71A,-13.55
P00974,G71S,-4.5
P00974,G91A,-1.4
P00974,G92A,-1.5
P00974,I53A,-5.3500000000000005
P00974,I54A,-9.95
P00974,K50D,11.0
P00974,K50F,5.9
P00974,K50H,11.1
P00974,K50M,8.4
P00974,K50R,8.8
P00974,K50T,9.7
P00974,K50W,4.0
P00974,K61A,-0.1
P00974,K76A,-3.0
P00974,K81A,0.3
P00974,L41A,-4.6
P00974,L64A,0.3
P00974,M87A,-12.1
P00974,N59A,-15.8
P00974,N78G,-32.0
P00974,N79A,-29.0
P00974,N79G,-21.0
P00974,P43A,-2.5
P00974,P44A,-5.5
P00974,P48A,-4.5
P00974,Q66A,-7.5
P00974,R36A,-3.9
P00974,R52A,-3.3
P00974,R55A,-6.6
P00974,R74A,0.0
P00974,R77A,-3.6
P00974,R88A,-0.9
P00974,S82A,-11.9
P00974,T46A,-0.25
P00974,T67A,-0.4
P00974,V69A,-4.5
P00974,Y45A,-9.0
P00974,Y58A,-33.0
P00974,Y70A,-12.25
P00974,Y70G,-18.0
P01006,D114N,-0.6792307692307692
P01006,M104A,1.0
P01006,M104D,3.043333333333333
P01006,M104E,1.343333333333333
P01006,M104G,-0.5866666666666666
P01006,M104I,-2.17
P01006,M104K,1.51
P01006,M104L,-0.6466666666666666
P01006,M104V,-1.4400000000000002
P01006,M134G,-13.985
P01006,M134I,-5.333333333333333
P01006,M134L,0.7233333333333333
P01006,M134V,-4.076666666666667
P01006,V44A,-13.45
P01006,V44F,-12.95
P01006,V44G,-26.549999999999997
P01006,V44I,-2.115
P01006,V44L,-4.9
P01008,N167A,-1.0
P01009,K355F,6.0
P01009,K355I,3.0
P01009,K355T,-1.0
P01009,K355V,4.0
P01009,S354R,-4.0
P01009,W218F,-0.5
P01009,W262F,-1.7
P01012,R143A,-1.65
P01012,S165A,-1.15
P01012,S237A,0.5
P01012,S321A,-2.8
P01051,V14A,-10.233333333333333
P01051,V54A,-13.950000000000001
P01053,E34N,-3.8
P01053,F70L,-14.1
P01053,I40V,-9.200000000000001
P01053,I77V,1.25
P01053,K37A,-12.6
P01053,K38G,-10.8
P01053,K44A,-5.8
P01053,L28A,-19.0
P01053,L52V,-0.5
P01053,S32A,-8.4
P01053,T23A,-2.9
P01053,V39A,-3.8
P01053,V54A,-2.8
P01053,V54T,-8.3
P01053,V71A,-14.75
P01236,G157D,3.1
P01236,G157F,12.7
P01236,G157L,15.7
P01236,G157N,8.7
P01236,G157P,-10.3
P01236,G157R,-2.2
P01236,G157V,19.7
P01236,G157Y,15.7
P01857,K243E,1.3333333333333333
P01857,K243Q,2.066666666666667
P01857,K275R,0.5666666666666668
P01857,L125C,20.0
P01857,N304D,0.9
P01857,Q230E,2.1666666666666665
P01857,Q301L,1.9666666666666668
P01857,Q321K,1.0666666666666667
P01857,Q321R,0.36666666666666664
P01857,S237P,1.5
P01857,S283F,1.4666666666666668
P01857,S307T,1.8999999999999997
P01857,T320I,0.7999999999999999
P01857,V146A,-1.2
P02522,W151C,-18.7
P02522,W59C,-10.0
P02549,A2023V,-2.0
P02549,G46V,-1.8
P02549,I24S,-1.4
P02549,I24T,-0.2
P02549,R28C,1.0
P02549,R28H,-1.0
P02549,R28L,-1.5
P02549,R28S,-1.3
P02549,R34W,-5.5
P02549,R45S,0.5
P02549,R45T,0.0
P02549,V31A,-0.1
P02549,W2024R,-16.0
P02549,W2061R,-5.0
P02625,A22P,-1.35
P02625,H27P,5.6
P02625,K81S,-1.3
P02625,P22A,-3.2
P02625,P27A,-3.2
P02640,F797A,-32.7
P02640,F801A,-25.6
P02640,L42A,-14.0
P02640,L61A,-29.1
P02640,L69A,-19.1
P02640,L75A,-7.2
P02640,S793A,-9.4
P02640,T804V,-12.8
P02640,V800A,-7.4
P02640 ,D794N,51.3
P02640 ,D796N,49.7
P02640 ,E795Q,52.7
P02640 ,E822Q,50.4
P02647,L165R,-2.0
P02649,L46P,-3.3
P02689,F58A,-6.0
P02689,I43N,-17.0
P02689,I52T,-13.0
P02689,P39G,-6.0
P02689,T51P,-24.0
P02753,R157Q,-12.4
P02753,W109H,-0.5
P02753,W123F,-2.2
P02753,W42F,-12.0
P02753,W42L,-12.3
P02753,W42Y,-11.0
P02925,A213C,-6.6
P02925,D114A,-2.9
P02925,D240A,-9.35
P02925,F189A,-8.1
P02925,F239A,-13.6
P02925,F40A,-7.25
P02925,F41A,-2.45
P02925,I157A,-1.35
P02925,L87C,-8.6
P02925,N215A,-10.149999999999999
P02925,N38A,-1.4500000000000002
P02925,N89A,-7.2
P02925,Q260A,-2.05
P02925,S128A,-1.35
P03023,K84I,40.0
P03023,K84L,40.0
P03023,K84M,40.0
P03034,A50V,-13.0
P03034,A67T,-22.5
P03034,E11A,-2.0
P03034,E11V,-2.0
P03034,E24A,-5.0
P03034,E24V,-4.0
P03034,G47A,3.1
P03034,G49A,4.7
P03034,G49N,4.1
P03034,G49S,4.0
P03034,I85S,-14.3
P03034,K5Q,2.0
P03034,L13A,-4.0
P03034,L13V,-2.0
P03034,L58A,-34.0
P03034,L58C,-19.0
P03034,L58P,-15.0
P03034,M41A,-8.6
P03034,P79A,-7.0
P03034,Q34Y,5.9
P03034,Q45Y,-0.1
P03034,T9A,-5.0
P03034,T9V,-5.0
P03034,V37I,3.4
P03034,Y23H,-22.7
P03034,Y86C,1.0
P03034,Y89C,8.8
P03040,A36S,1.0
P03040,Q16L,14.0
P03040,Y26C,11.5
P03040,Y26D,14.5
P03040,Y26H,10.0
P03040,Y26L,6.5
P03040,Y26Q,7.5
P03040,Y26V,5.0
P03040,Y26W,-2.0
P03050,D20A,-3.7
P03050,E17A,-2.0
P03050,E27A,-0.2
P03050,E28A,-2.2
P03050,E43A,-2.9
P03050,E48A,-6.55
P03050,F10A,-19.6
P03050,G30A,-10.0
P03050,G3A,-0.9
P03050,G49A,-9.2
P03050,G52A,3.0
P03050,I51A,-7.0
P03050,K24A,-1.6
P03050,K24T,-10.0
P03050,K2A,-0.3
P03050,K47A,-10.7
P03050,K6A,0.6
P03050,L12A,-15.6
P03050,L19A,-11.7
P03050,L19Q,-19.0
P03050,L21A,-18.3
P03050,M1A,-1.0
P03050,M42A,-22.3
P03050,M4A,0.2
P03050,N11A,3.1
P03050,N29A,-5.05
P03050,N34A,5.1
P03050,P15A,-11.3
P03050,P8A,15.1
P03050,P8L,13.9
P03050,Q39A,3.5
P03050,R13A,-1.7
P03050,R16A,0.5
P03050,R23A,-1.2
P03050,R31A,-20.8
P03050,R40A,-26.7
P03050,R50A,-10.0
P03050,S32A,-24.4
P03050,S35A,4.4
P03050,V18A,-2.1
P03050,V25A,0.3
P03050,W14A,-26.4
P03050,Y38A,-24.9
P03051,D30A,2.5
P03051,D30C,5.3
P03051,D30E,6.2
P03051,D30F,-0.4
P03051,D30H,5.8
P03051,D30I,-5.3
P03051,D30K,5.9
P03051,D30L,-0.3
P03051,D30M,4.0
P03051,D30N,5.1
P03051,D30P,-9.8
P03051,D30Q,10.4
P03051,D30R,5.3
P03051,D30S,6.0
P03051,D30T,-2.1
P03051,D30V,-2.1
P03051,D30W,-2.8
P03051,D30Y,1.7
P03051,L41A,-18.1
P03051,L41V,-5.7
P03661,F217L,-14.05
P03661,G73A,-13.25
P03661,I78V,-15.350000000000001
P03661,N57K,-10.95
P03661,P83H,-16.95
P03661,Q147H,4.2
P03661,R47W,0.6499999999999999
P03661,S225L,-14.75
P03661,T31I,5.5
P03661,T74I,-16.15
P03706,H48N,-22.2
P04156 ,T183A,-26.6
P04179,I82T,-13.6
P04179,Q167A,-9.1
P04179,Q167E,14.1
P04179,Q167H,0.0
P04179,Q167N,-3.1499999999999995
P04179,Q167S,6.0
P04179,Q167V,-20.7
P04179,Y58F,11.3
P04275,G1324A,3.65
P04275,G1324S,5.3
P04578,A578D,-13.0
P04578,A578G,-4.0
P04578,A578S,-8.0
P04637,G334V,-24.0
P04789,C14F,-4.9
P04925,E195K,-1.7
P04925,F197H,-8.7
P04925,H186R,-2.3666666666666667
P04925,H186Y,5.033333333333333
P04925,L108F,-9.2
P04925,T189V,-9.2
P04925,T191A,-8.5
P04925,T191P,-4.5
P04925,T191V,-9.4
P04925,Y154H,1.3666666666666665
P05121,E373P,0.5
P05121,E373R,-0.5
P05121,R53E,-2.6
P05230,C132S,-2.0
P05230,C98S,-13.0
P05230,F100W,-0.3
P05230,F123Y,1.6
P05230,H108G,7.3
P05230,H36Y,2.7
P05230,K127A,2.95
P05230,K127E,3.975
P05230,K127N,-0.30000000000000027
P05230,K133A,4.575
P05230,K133E,4.825
P05230,K133N,13.750000000000002
P05230,L59F,2.266666666666667
P05230,L59P,3.0
P05230,L88V,-8.5
P05230,V124I,-0.35
P05230,V124L,-3.3
P05645,M256A,7.0
P05645,M256F,-12.5
P05645,M256I,0.0
P05645,M256L,0.0
P05645,M256V,2.5
P05798,D33A,-16.0
P05798,D79A,6.533333333333332
P05798,D79E,-0.8
P05798,D79F,7.233333333333333
P05798,D79H,5.6
P05798,D79I,9.6
P05798,D79K,7.6
P05798,D79L,8.7
P05798,D79N,2.766666666666667
P05798,D79W,7.6
P05798,D79Y,9.6
P05798,E41K,-3.8
P05798,E54Q,-6.9
P05798,E74K,1.75
P05798,H85Q,0.0
P05798,I22V,-5.7
P05798,I58V,0.11
P05798,I70V,-3.4
P05798,I71V,-0.3
P05798,I92V,-3.9
P05798,L11A,-11.9
P05798,L19A,-13.8
P05798,L91A,-3.2
P05798,N20A,-0.1
P05798,N39A,-7.5
P05798,N39D,-5.033333333333334
P05798,Q38A,2.4
P05798,Q94K,1.7666666666666668
P05798,S24A,-0.7
P05798,S31A,1.5
P05798,S3A,-1.1
P05798,S42A,0.4
P05798,S48A,1.7
P05798,S90A,0.7
P05798,S9A,-4.5
P05798,T16V,1.0
P05798,T18V,-4.7
P05798,T56V,-6.3
P05798,T59V,-5.6
P05798,T5V,0.0
P05798,T67V,-0.1
P05798,T72V,-0.8
P05798,T82V,-5.7
P05798,T95A,-2.1
P05798,V2T,-3.2
P05798,V36T,-4.6
P05798,V43T,-1.6
P05798,V57T,-15.0
P06182,N57I,17.2
P06241,A122F,-21.9
P06241,A122G,-12.0
P06241,A122L,-31.7
P06241,A122S,-26.9
P06241,A122V,-0.6
P06241,A89F,-40.7
P06241,A89G,-18.6
P06241,A89L,-29.3
P06241,A89S,-12.6
P06241,A89V,-41.5
P06241,E107A,-7.6
P06241,E107D,2.1
P06241,E107F,-13.5
P06241,E107H,-6.5
P06241,E107I,-24.9
P06241,E107K,-6.6
P06241,E107L,-27.1
P06241,E107P,-15.9
P06241,E107Q,-6.0
P06241,E107S,-12.3
P06241,E107T,-5.7
P06241,E107V,-14.3
P06241,E107Y,-18.9
P06241,F103A,-22.3
P06241,F103L,-10.9
P06241,F103S,-40.9
P06241,F103V,-8.4
P06241,F109I,-11.6
P06241,F109L,-2.6
P06241,F109V,-16.7
P06241,F87A,-6.830000000000001
P06241,F87L,-14.6
P06241,F87S,-27.2
P06241,F87V,-1.3
P06241,I111A,-27.1
P06241,I111F,-22.6
P06241,I111L,-7.2
P06241,I111S,-33.5
P06241,I111V,-2.2
P06241,I133F,-34.8
P06241,I133L,-4.9
P06241,I133V,-2.2
P06241,L101A,-43.8
P06241,L101F,-5.5
P06241,L101I,-1.3
P06241,L101S,-43.0
P06241,L101V,-10.7
P06241,L86A,-10.5
P06241,N136A,2.36
P06241,N136D,-2.0
P06241,N136E,-4.7
P06241,N136F,-3.2
P06241,N136G,-0.64
P06241,N136H,-2.7
P06241,N136K,-0.2
P06241,N136L,-0.9
P06241,N136M,0.27
P06241,N136Q,0.46
P06241,N136R,1.79
P06241,N136S,-0.1
P06241,N136T,0.63
P06241,N136V,-5.9
P06241,N136W,4.96
P06241,N136Y,-2.44
P06241,R123I,3.2
P06241,S124A,-6.2
P06241,S124D,-20.7
P06241,S124F,-18.7
P06241,S124G,-21.5
P06241,S124H,-5.3
P06241,S124I,-6.8
P06241,S124K,5.4
P06241,S124L,-4.5
P06241,S124N,-2.6
P06241,S124R,2.5
P06241,S124T,-14.5
P06241,S124V,-9.8
P06241,V138A,-17.1
P06241,V138F,-7.1
P06241,V138I,0.35
P06241,V138L,0.35
P06241,W120A,-21.6
P06241,W120F,-4.4
P06241,W120L,-3.2
P06241,W120S,-25.6
P06241,W120V,-8.3
P06547,S317A,7.85
P06654,A249P,-1.4
P06654,A250P,-4.6
P06654,A252P,-32.0
P06654,A274P,-6.8
P06654,D248G,-14.0
P06654,D262P,-21.0
P06654,F256H,-53.0
P06654,G235P,-17.0
P06654,T228P,-6.6
P06654,T251P,-20.9
P06654,T279C,6.94
P06654,T279D,-6.14
P06654,T279F,10.63
P06654,T279G,-11.1
P06654,T279H,3.91
P06654,T279I,10.73
P06654,T279L,5.42
P06654,T279M,7.21
P06654,T279N,4.83
P06654,T279Q,3.85
P06654,T279R,5.36
P06654,T279V,8.42
P06654,T279W,8.68
P06654,T279Y,11.895
P06654,V247P,6.2
P06654,V255P,-22.6
P06876,V103A,-36.8
P06876,V103L,14.133333333333333
P06996,D126G,-4.38
P06996,R95A,-4.5200000000000005
P07017,A438V,3.1
P07017,E303K,0.9
P07017,S327L,-0.6
P07017,T313I,0.2
P07017,V348M,-0.3
P07017,V435I,0.6
P07170,I215F,-7.7
P07170,N171D,-0.6
P07170,T79H,-1.1
P07170,V10I,-1.5
P07320,G61C,-6.55
P07751,A1019E,-4.25
P07751,A1019G,-5.05
P07751,A1019K,-1.05
P07751,D1011G,6.550000000000001
P07751,N1010A,-4.963636363636364
P07845,A8D,5.0
P07845,F106L,-1.0
P07845,F14Y,-12.0
P07845,K67E,-12.0
P07845,N144S,-12.0
P08038,N70Q,-0.3
P08038,N72K,0.8
P08168,A307G,-6.9
P08168,D296A,-4.8
P08168,D303A,-9.0
P08168,F13A,-6.8
P08168,F375A,-0.9
P08168,F377A,1.8
P08168,F380A,-9.0
P08168,G144A,-4.4
P08168,G297A,-11.6
P08168,K298A,0.1
P08168,L111A,-3.2
P08168,L173A,-1.8
P08168,R171A,-4.0
P08168,R175A,-11.7
P08168,R291A,-1.1
P08168,R382A,-2.4
P08168,R66A,-5.7
P08168,T304A,-3.9
P08168,V11A,-2.6
P08168,V247A,-9.9
P08168,V376A,-1.8
P08168,V44A,-0.1
P08168,Y25A,-2.9
P08821,E15G,11.8
P08821,I42V,4.0
P08821,S27A,5.6
P08877,G49A,3.2
P08877,G49E,5.5
P08877,G49K,-4.5
P09372,E53G,-2.5
P09372,G122D,-1.25
P0A115,K154D,2.8
P0A3D9,D127K,8.0
P0A3D9,V19I,1.0
P0A3D9,V19L,0.45
P0A3D9,V84I,0.09999999999999999
P0A3E0,A102V,5.4
P0A3E0,A85G,-4.85
P0A3E0,D151K,-1.2
P0A3E0,D44A,0.5
P0A3E0,D66K,-0.9500000000000001
P0A3E0,D76K,3.9799999999999995
P0A3E0,E108A,2.7
P0A3E0,E21K,1.9600000000000002
P0A3E0,E41K,4.32
P0A3E0,E62K,3.1500000000000004
P0A3E0,E73K,4.6
P0A3E0,I105V,-2.55
P0A3E0,I157V,-8.55
P0A3E0,I23A,-0.5
P0A3E0,I23V,-5.3
P0A3E0,I52V,-4.4
P0A3E0,I53V,-2.75
P0A3E0,L144A,-0.8
P0A3E0,L51A,0.6
P0A3E0,L7A,-10.850000000000001
P0A3E0,N98A,-1.5499999999999998
P0A3E0,Q112G,3.7
P0A3E0,S111A,-1.0
P0A3E0,S72A,-0.35
P0A3E0,T123S,3.6
P0A3E0,V118A,-7.2
P0A3E0,V140A,-3.95
P0A3E0,V19I,4.9
P0A3E0,V32A,-4.75
P0A3E0,V84I,1.0
P0A3H0,A27S,-5.85
P0A3H0,E34D,-2.3
P0A3H0,G15E,-10.0
P0A3H0,K38N,-3.25
P0A3H0,M69I,0.0
P0A3H0,S31T,1.9
P0A3H0,V42I,-5.0
P0A7Y4,I53A,-12.1
P0A7Y4,Q105G,-9.6
P0A7Y4,R27A,-5.6
P0A877,A67V,-2.7
P0A877,C118A,-4.3
P0A877,C118S,-8.5
P0A877,C118V,-4.2
P0A877,C154A,-2.9
P0A877,C154S,-8.2
P0A877,C154V,-3.3
P0A877,C81A,-1.7
P0A877,C81G,-4.8
P0A877,C81S,-4.4
P0A877,C81V,-4.4
P0A877,D112G,-5.1
P0A877,D112N,-3.1
P0A877,D56G,-2.0
P0A877,D60G,-2.6
P0A877,F114L,-3.3
P0A877,F22S,0.8
P0A877,G211E,1.8
P0A877,G211R,0.2
P0A877,G51D,-4.5
P0A877,K109N,-1.5
P0A877,M101I,3.7
P0A877,M101T,7.6
P0A877,M101V,7.6
P0A877,P132A,-2.6
P0A877,P132G,-2.3
P0A877,P207A,-6.7
P0A877,P28L,-4.6
P0A877,P28S,-6.4
P0A877,P53H,-3.3
P0A877,P53T,-4.3
P0A877,P57A,-0.1
P0A877,P62A,-1.4
P0A877,P62Q,-0.6
P0A877,P78L,1.9
P0A877,P78S,-1.6
P0A877,P96A,-6.3
P0A877,Q65R,-0.6
P0A877,S33L,-7.6
P0A877,S6P,-5.2
P0A877,T63K,-3.3
P0A877,Y102C,1.4
P0A877,Y102H,0.8
P0A877,Y115C,-2.3
P0AA25,L79K,-13.7
P0AA25,L79R,-16.1
P0ABQ4,A6I,-6.9
P0ABQ4,C85L,42.4
P0ABQ4,D116I,50.3
P0ABQ4,D116M,50.6
P0ABQ4,D27F,7.6
P0ABQ4,D87P,-3.1
P0ABQ4,E139V,-3.1
P0ABQ4,E154V,53.9
P0ABQ4,G15W,-2.8
P0ABQ4,G43P,-3.1
P0ABQ4,G67H,-6.0
P0ABQ4,H114R,0.0
P0ABQ4,H114V,47.3
P0ABQ4,H141F,-1.1
P0ABQ4,H45S,55.1
P0ABQ4,I115A,-5.6
P0ABQ4,I115V,-0.3
P0ABQ4,I155A,-13.2
P0ABQ4,I155L,-5.9
P0ABQ4,I155T,-8.3
P0ABQ4,I41A,39.0
P0ABQ4,I41V,53.3
P0ABQ4,I61V,1.7
P0ABQ4,I91A,55.2
P0ABQ4,I91G,49.8
P0ABQ4,I91L,-10.3
P0ABQ4,I91V,-2.6
P0ABQ4,L112V,-4.3
P0ABQ4,L156Y,22.5
P0ABQ4,L24V,54.8
P0ABQ4,L62A,42.0
P0ABQ4,L62V,53.3
P0ABQ4,M42F,47.9
P0ABQ4,M42Y,44.2
P0ABQ4,Q102L,57.0
P0ABQ4,Q102W,52.8
P0ABQ4,R98Y,54.8
P0ABQ4,S135I,0.7
P0ABQ4,S49E,-0.6
P0ABQ4,V119F,0.8
P0ABQ4,V40A,-8.5
P0ABQ4,V75H,-11.1
P0ABQ4,V75I,-12.5
P0ABQ4,V88I,-7.4
P0ABQ4,W133F,-5.4
P0ABQ4,W30F,48.7
P0ABQ4,W30M,48.4
P0ABQ4,W47L,50.6
P0ABQ4,W47V,41.9
P0ABQ4,W74F,-3.6
P0AEX9,P185A,-4.1000000000000005
P0AEX9,P185S,-4.383333333333334
P0AEX9,P74A,0.3875
P0AEX9,P74S,0.15555555555555553
P0C0Y8,G78R,-1.3
P0C0Y8,L186H,2.9
P0C0Y8,L65R,0.3
P0C0Y9,A261W,-6.0
P0C0Y9,G80H,-2.2
P0C0Y9,S105R,-1.9
P0C2S3,E333G,-1.0
P0C2S3,I293A,-2.8
P0CG48,K641E,1.0
P0CG48,K641F,1.4400000000000002
P0CG48,K641G,-11.76
P0CG48,K641I,9.459999999999999
P0CG48,K641L,6.1
P0CG48,K641N,-4.760000000000001
P0CG48,K641Q,0.22000000000000003
P0CG48,K641S,-2.7399999999999998
P0CG48,K641T,-1.18
P0CG48,K641V,5.88
P10408,E210Q,-1.0
P10762,A155K,-15.0
P10762,L33K,-16.0
P10762,T159A,-9.0
P10762,T47A,4.0
P11413,N126D,-3.4
P11413,N126Y,-5.6
P11413,R387C,-8.8
P11532,K18N,-3.4
P11532,L172H,-1.28
P11532,L427P,-3.4
P11532,L54R,-3.33
P11532,Y231N,-15.0
P11540,C83A,-1.4
P11961,A131G,-15.3
P11961,A139G,-21.6
P11961,A166G,-7.5
P11961,A168G,-2.6
P11961,D145A,-18.0
P11961,D145N,-7.7
P11961,D162N,-15.9
P11961,D164G,-29.7
P11961,E141A,-5.5
P11961,E141Q,-2.9
P11961,I130A,-5.5
P11961,I130G,-12.0
P11961,I130V,-1.4
P11961,I147A,-27.4
P11961,I163V,-4.5
P11961,L159A,-18.4
P11961,L159G,-16.5
P11961,L159V,-4.1
P11961,L167A,-9.5
P11961,L167V,-1.1
P11961,V129A,-5.6
P11961,V129G,-8.6
P11961,V136A,-13.3
P11961,V145A,-17.3
P11961,V149A,-23.8
P11961,V158A,-28.1
P11961,Y138F,-16.4
P12528,E310V,-0.6
P12528,G178R,-0.5
P12528,G245R,-0.9
P12528,G324D,0.1
P12528,R286K,-2.5
P12528,R383S,-5.2
P12528,T236I,-0.4
P13487,H43F,17.0
P14711,S63T,-1.3
P14711,Y53H,-4.6
P14756,D386A,-4.0
P14756,D398A,1.0
P14756,R376A,-7.0
P14756,R402A,1.0
P15452,A91V,-5.2
P15452,V46I,-1.225
P16304,G214R,1.4
P16304,Q16L,7.0
P16304,Q199R,1.1
P16304,T179I,-0.6
P17350,P23A,-7.5
P17350,P24A,-7.5
P18429,N209R,0.6
P18429,N60D,-2.1
P18429,N82E,-1.4
P18429,S50E,0.2
P18429,S55E,-1.7
P18614,A24V,-1.3
P18614,A25V,-3.0
P18614,F29L,-0.6
P18614,M32F,-6.2
P18614,M34H,-1.5
P18614,M34I,-2.8
P18614,M34V,-2.3
P18614,V29S,-4.4
P18614,V29T,-3.0
P19515,A102L,-8.8
P19515,D320L,-3.3
P19515,D332F,-3.0
P19515,D332L,-2.5
P19515,D332R,-2.8
P19515,D332W,-4.5
P19515,E314I,-2.7
P19515,E314V,-5.3
P19515,E324C,3.3
P19515,E324I,5.7
P19515,E324L,5.4
P19515,E324M,1.3
P19515,E324V,5.4
P19515,E324W,2.7
P19515,E324Y,2.1
P19515,N214R,-13.6
P19515,N280L,-10.0
P19515,N280W,-3.1
P19515,N321L,-13.0
P19515,N358W,-2.7
P19515,Q327I,2.3
P19515,S208F,-6.4
P19515,S208V,-4.9
P19515,S208W,3.9
P19515,S208Y,-5.5
P19515,T112I,-3.0
P19515,T112K,4.5
P19515,T112W,-2.2
P19515,T116I,2.4
P19873,P4G,-4.2
P19873,R50A,-8.3
P19873,R50K,-11.7
P19873,R52A,-5.2
P19873,R52Q,-3.4
P19873,T43A,0.8
P21549,D52E,14.4
P21549,G41R,-15.133333333333333
P21549,G41V,-10.2
P21549,I340M,14.1
P21549,P11L,3.8
P21549,S50H,-2.9
P21549,V113A,13.2
P22914,S39C,-6.6
P23458,I597F,-4.0
P23458,K622A,13.0
P23540,A106L,-7.51
P23540,F103A,-13.5
P23540,F191A,-8.28
P23540,G128A,-2.67
P23540,G144A,-3.88
P23540,G174A,-0.2
P23540,P126A,-2.14
P23540,V167A,-5.97
P23540,Y102A,-17.2
P24058,D117A,-14.0
P24058,D117E,4.0
P24058,W11A,0.0
P24058,W11F,0.0
P24058,W11M,0.0
P24058,W11R,0.0
P24058,W11Y,0.0
P24092,F42L,-7.3
P24821,A885V,1.1
P24821,D850K,5.0
P24821,E887I,11.2
P24821,I833F,2.3
P24821,L820K,-2.0
P24821,Q808K,1.2
P24821,T890K,5.2
P25440,D160N,-5.8
P25440,D160Y,-9.8
P25440,D161Y,-4.8
P25440,E140K,-10.8
P25440,Q443H,-3.0
P25440,R100L,-5.8
P25440,R419W,-8.0
P25440,Y153H,-7.0
P25984,A177P,0.5
P25984,A22P,0.7
P25984,A347P,2.6
P25984,H222P,-6.5
P25984,L275P,-2.3
P25984,L316P,10.8
P25984,S24P,3.9
P25984,T149P,-1.0
P26514,W126A,2.0
P26514,W126F,-4.0
P26514,W126H,-1.0
P26514,W307A,-4.7
P26514,W307F,-3.3
P26514,W307H,-7.3
P26514,W315A,4.1
P26514,W315F,0.8
P26514,W315H,0.2
P26514,Y213A,-5.0
P26514,Y213F,-0.9
P26514,Y213S,1.6
P26882,K227A,0.12
P26882,K308A,-0.07
P27051,K146S,14.0
P27051,K194S,13.0
P27051,K49S,14.0
P28366,E208Q,-10.5
P29160,D13A,0.4
P29160,D45A,0.1
P29160,D49A,3.2
P29160,E48A,2.0
P29160,E51A,2.3
P29160,E63A,-5.5
P29160,E65A,0.4
P29160,E70A,-2.0
P29160,E7A,-8.55
P29160,E91A,-0.8500000000000001
P29160,H79A,-2.2
P29160,K10A,-8.4
P29160,K10M,-7.1
P29160,K16A,-6.1
P29160,K23A,1.0
P29160,K29A,-4.4
P29160,K34A,-6.4
P29160,K47A,-7.4
P29160,R22A,-1.5
P29160,R40A,-4.8
P29160,R43A,0.2
P29160,R55A,-5.4
P29160,R77A,-1.5
P29160,R93A,-3.4000000000000004
P29160,R93M,-3.1
P29160,R9A,-7.0
P31513,E158K,0.2
P31513,E308G,-1.9000000000000001
P31513,V257M,0.6
P33665,A144L,-5.86
P33665,K204R,-0.575
P33665,W141F,-7.066666666666666
P33665,W267F,-6.366666666666667
P35052,N116Q,-2.0
P35052,N79Q,0.0
P37231,E488K,-5.5
P37231,F388L,-3.0
P37231,P495L,0.5
P37231,Q342P,-1.5
P37231,R316H,0.5
P37231,R385A,-1.5
P39476,F32A,27.0
P39940,E34A,0.3
P39940,E34C,6.0
P39940,E34D,-1.7
P39940,E34F,4.7
P39940,E34H,-43.6
P39940,E34I,10.5
P39940,E34K,-18.6
P39940,E34L,8.8
P39940,E34N,-7.1
P39940,E34P,-30.3
P39940,E34Q,-13.0
P39940,E34S,0.7
P39940,E34T,10.0
P39940,E34V,5.7
P39940,E34W,8.5
P39940,E34Y,2.7
P39940,I334F,-31.85
P39940,I334V,-11.5
P39940,I340F,-4.6499999999999995
P39940,I340L,-9.716666666666667
P39940,I340V,-3.7
P41016,E12K,-2.5
P41016,E21A,-1.9
P41016,E21K,-1.5
P41016,E36K,-0.9
P41016,E46A,-1.5
P41016,E46K,-2.9
P41016,E50K,-3.4
P41016,G23Q,-2.2
P41016,L66A,0.0
P41016,L66E,-8.0
P41016,L66L,0.0
P41016,N11S,2.3
P41016,N55K,0.8
P41016,Q2L,4.0
P41016,Q53E,-0.8
P41016,R3E,-17.8
P41016,R3K,-0.8
P41016,R3L,-6.0
P41016,S24D,0.9
P41016,T31S,0.9
P41016,V64T,-1.8
P41016,Y15F,-0.2
P41365,A306E,-6.8
P41365,V235I,0.8
P41365,V246D,-2.0
P42771,A73E,0.2
P42771,F37H,0.75
P42771,F71N,4.43
P42771,F92N,4.28
P42771,L121R,4.4
P42771,L37S,4.3
P42771,L78G,0.9
P42771,R124D,-0.4
P42771,R128E,1.6
P42771,R55V,0.62
P42771,T18R,-1.0
P42771,T85F,-7.6
P42771,V95K,1.0
P42771,W15D,2.2
P42771,W5R,-3.67
P43080,D100G,63.833333333333336
P43080,E155A,62.800000000000004
P43080,E155G,59.0
P43080,G86R,-5.85
P43080,H19Y,-14.600000000000001
P43080,I107T,16.375
P43080,L84F,17.3
P43080,V160G,-5.25
P43895,C190A,-10.0
P46937,D194T,4.85
P46937,L190Y,5.0
P47189,A341E,2.0
P47189,T255P,3.0
P48842,D198N,0.53
P48842,D74N,0.65
P48842,G322A,1.1
P48842,Y311F,0.34
P50455,G154A,1.9
P50455,K152R,-0.4
P50455,Y282L,-1.3
P51858,P24A,-7.0
P54178,F61W,0.75
P54178,W120F,-18.7
P54178,W55A,-14.05
P54178,W55F,-6.6
P60484,C124S,0.5
P60484,E157G,-1.9
P60484,H93R,-1.6
P60484,N82T,-1.1
P60484,Y176C,-1.3
P61495,D184H,0.75
P61495,F53L,-1.6
P61495,I11V,4.0
P61495,L134N,3.55
P61495,P324T,0.5
P61495,S261N,-1.6
P61495,S92F,0.0
P61495,T16V,0.75
P61495,V126A,-2.0
P61495,V126F,-7.0
P61495,V126I,-5.0
P61495,V126L,-5.0
P61495,V126M,0.0
P61495,V126S,-13.0
P61495,V15I,-2.0
P61495,V181T,1.5499999999999998
P61495,V61I,-0.25
P61626,A110S,2.6
P61626,A114M,0.1
P61626,A114S,-3.3
P61626,A27S,-0.1
P61626,A50L,-0.3
P61626,A50S,-1.0
P61626,A65P,0.3
P61626,D109P,-1.1
P61626,D138N,-0.17500000000000002
P61626,D36N,-3.05
P61626,D85N,-3.25
P61626,E25Q,-1.85
P61626,E53L,-1.8
P61626,G123A,-2.1
P61626,G145A,-1.7
P61626,G147A,0.5
P61626,G34A,-4.6
P61626,G40A,-7.2
P61626,G55A,-0.9
P61626,G55Q,-0.8
P61626,G86A,-0.4
P61626,G90A,-1.1
P61626,H96G,-0.5
P61626,I107A,-8.7
P61626,I107V,-2.05
P61626,I124A,-3.0
P61626,I124V,-4.166666666666667
P61626,I41A,-8.1
P61626,I41V,-1.35
P61626,I74A,-12.5
P61626,I74F,-15.0
P61626,I74L,-0.3
P61626,I74M,-5.8
P61626,I74T,-12.5
P61626,I74V,-5.025
P61626,I77A,-5.3999999999999995
P61626,I77G,-12.7
P61626,I77L,0.0
P61626,I77M,-4.2
P61626,I77S,-11.8
P61626,I77T,-6.9
P61626,I77V,-4.075
P61626,I77Y,-13.8
P61626,K19A,-2.2
P61626,K19M,-0.5
P61626,L26T,-12.4
P61626,N136G,0.2
P61626,N45L,0.4
P61626,P121G,-0.1
P61626,P89G,-4.7
P61626,Q76A,3.1
P61626,Q76G,5.7
P61626,R39A,4.5
P61626,R39G,3.7
P61626,R68A,1.4
P61626,R68G,0.9
P61626,S100A,1.1
P61626,S42A,-1.6
P61626,S54A,-3.5
P61626,S69A,-0.7
P61626,S79A,-4.3
P61626,S98A,1.4
P61626,V111A,-3.5666666666666664
P61626,V111T,-2.3
P61626,V117A,-3.7
P61626,V117T,-1.6
P61626,V118A,-1.7000000000000002
P61626,V118F,-6.5
P61626,V118T,-0.9
P61626,V128A,0.9
P61626,V128D,0.5
P61626,V128F,-0.2
P61626,V128G,1.6
P61626,V128I,2.7
P61626,V128L,0.2
P61626,V128M,1.6
P61626,V128N,0.2
P61626,V128P,1.2
P61626,V128R,2.9
P61626,V128Y,-0.5
P61626,V139A,-7.166666666666667
P61626,V143A,-5.933333333333334
P61626,V20A,-6.25
P61626,V20F,-2.7
P61626,V20I,3.4
P61626,V20M,-1.0
P61626,V20N,-4.1
P61626,V20R,-1.3
P61626,V20S,-4.4
P61626,V20Y,-1.2
P61626,V92A,-1.5
P61626,V92D,-1.4
P61626,V92F,-0.9
P61626,V92I,1.7
P61626,V92L,0.6
P61626,V92M,2.0
P61626,V92N,-1.0
P61626,V92R,-0.3
P61626,V92S,-0.6
P61626,V92Y,-0.9
P61626,Y56A,-8.9
P61626,Y56F,-0.6
P61626,Y56G,-8.2
P61626,Y72F,-3.0
P61626,Y81F,-0.7
P61769,D140N,-3.6999999999999997
P61769,D79P,-8.1
P61823,P119A,-9.5
P61823,P119S,-8.5
P61823,P140A,-10.5
P62593,E102K,-0.12
P62593,G234S,-3.42
P62593,M180T,5.98
P62898,H27V,-10.0
P62898,N53I,20.0
P62898,P31A,-9.0
P62898,P31V,-11.0
P62898,Y68F,30.0
P62964,R112Q,9.4
P62964,R132Q,11.6
P63096,A101G,-0.1
P63096,A104G,-1.4
P63096,A111G,-0.55
P63096,A113G,0.25
P63096,A114G,0.35
P63096,A11G,-0.25
P63096,A124G,-1.4
P63096,A12G,0.35
P63096,A138G,-1.75
P63096,A152G,-1.4
P63096,A153G,0.1
P63096,A163G,-0.1
P63096,A220G,-0.39999999999999997
P63096,A226G,1.0
P63096,A291G,0.05
P63096,A299G,-0.25
P63096,A300G,0.95
P63096,A301G,-0.05
P63096,A30G,-0.65
P63096,A31G,-0.25
P63096,A326G,-3.3
P63096,A338G,-1.8499999999999999
P63096,A41G,-2.55
P63096,A59G,2.65
P63096,A71G,-0.3
P63096,A7G,-0.15000000000000002
P63096,A87G,-1.9500000000000002
P63096,A99G,-0.15000000000000002
P63096,C139A,-0.55
P63096,C214A,-1.1
P63096,C224A,-2.5
P63096,C254A,-0.8
P63096,C305A,0.15000000000000002
P63096,C325A,-2.35
P63096,C3A,-0.2
P63096,C66A,-2.6
P63096,D102A,0.30000000000000004
P63096,D103A,-4.3
P63096,D133A,-6.25
P63096,D150A,0.30000000000000004
P63096,D158A,-0.75
P63096,D160A,0.15
P63096,D173A,-11.4
P63096,D193A,-0.9
P63096,D200A,2.05
P63096,D20A,-0.15
P63096,D229A,-0.85
P63096,D231A,-6.7
P63096,D237A,-2.25
P63096,D251A,-1.25
P63096,D261A,-1.1
P63096,D26A,-0.1
P63096,D309A,0.2
P63096,D315A,0.15
P63096,D337A,-0.65
P63096,D341A,-1.4
P63096,D350A,-0.25
P63096,D94A,-0.4
P63096,D97A,-0.75
P63096,D9A,-0.45
P63096,E115A,-0.1
P63096,E116A,0.5
P63096,E122A,-0.75
P63096,E145A,-0.75
P63096,E14A,-0.25
P63096,E186A,-1.8
P63096,E207A,-2.95
P63096,E216A,-0.8999999999999999
P63096,E236A,-3.55
P63096,E238A,-1.0499999999999998
P63096,E239A,-0.35
P63096,E245A,-4.05
P63096,E25A,-0.05
P63096,E275A,-0.15000000000000002
P63096,E276A,-0.45
P63096,E289A,-0.35
P63096,E28A,-0.15000000000000002
P63096,E297A,-0.5999999999999999
P63096,E298A,-0.8
P63096,E308A,-1.0
P63096,E318A,-0.2
P63096,E33A,-0.65
P63096,E58A,0.5
P63096,E63A,-0.7
P63096,E64A,-0.7
P63096,E65A,-2.6500000000000004
P63096,E8A,-0.44999999999999996
P63096,F108A,-1.05
P63096,F118A,0.1
P63096,F140A,-2.3
P63096,F189A,-8.35
P63096,F191A,-0.9
P63096,F196A,-8.65
P63096,F199A,-4.15
P63096,F215A,-2.25
P63096,F223A,-4.9
P63096,F250A,-9.2
P63096,F259A,-2.65
P63096,F267A,-3.45
P63096,F274A,-4.8
P63096,F307A,-5.8500000000000005
P63096,F323A,-2.55
P63096,F334A,1.1
P63096,F354A,0.0
P63096,F95A,-6.85
P63096,G117A,-0.05000000000000002
P63096,G125A,0.24999999999999997
P63096,G135A,-2.7
P63096,G183A,-1.4
P63096,G203A,-5.05
P63096,G217A,-0.5
P63096,G27A,-0.5
P63096,G292A,-1.85
P63096,G2A,-0.3
P63096,G352A,-0.1
P63096,G40A,-18.75
P63096,G42A,1.45
P63096,G45A,-0.15
P63096,G60A,-1.65
P63096,G89A,-0.25
P63096,G96A,-0.75
P63096,H188A,-0.7
P63096,H195A,-1.5
P63096,H213A,-0.15
P63096,H244A,-2.5999999999999996
P63096,H322A,-0.8
P63096,H57A,0.0
P63096,I127A,-2.6
P63096,I168A,-0.85
P63096,I184A,-3.9000000000000004
P63096,I19A,-0.25
P63096,I212A,-0.8500000000000001
P63096,I221A,-1.5
P63096,I222A,-4.5
P63096,I253A,-2.1
P63096,I264A,-3.5
P63096,I265A,0.09999999999999998
P63096,I278A,-5.15
P63096,I285A,-2.1500000000000004
P63096,I303A,-4.35
P63096,I319A,-2.95
P63096,I343A,-3.7
P63096,I344A,-0.1
P63096,I56A,-6.6499999999999995
P63096,I78A,-2.0
P63096,I81A,-2.2
P63096,I82A,-1.0
P63096,I84A,-5.25
P63096,I85A,-2.85
P63096,I93A,-4.0
P63096,K10A,-0.3
P63096,K128A,-0.7
P63096,K132A,0.1
P63096,K17A,-0.30000000000000004
P63096,K180A,-0.1499999999999999
P63096,K192A,-3.6
P63096,K197A,-1.1
P63096,K209A,-0.6
P63096,K210A,-1.15
P63096,K257A,-0.35
P63096,K271A,-3.2
P63096,K277A,-4.5
P63096,K279A,-0.4
P63096,K280A,-1.5499999999999998
P63096,K29A,-0.75
P63096,K312A,-0.1
P63096,K314A,-0.6499999999999999
P63096,K330A,0.15000000000000002
P63096,K345A,-0.3
P63096,K349A,-0.8
P63096,K35A,-2.45
P63096,K54A,-5.25
P63096,K67A,-0.6
P63096,K70A,-1.15
P63096,L107A,-2.9
P63096,L110A,-0.75
P63096,L123A,-2.25
P63096,L130A,-6.7
P63096,L148A,-0.65
P63096,L156A,-1.05
P63096,L159A,-0.55
P63096,L175A,-11.45
P63096,L194A,-3.05
P63096,L227A,-4.45
P63096,L232A,-3.1
P63096,L23A,-0.2
P63096,L249A,-4.45
P63096,L266A,-2.95
P63096,L268A,-4.75
P63096,L273A,-3.5
P63096,L283A,-8.3
P63096,L310A,-1.9
P63096,L353A,0.2
P63096,L36A,-3.4
P63096,L39A,-2.35
P63096,L5A,-1.05
P63096,L91A,-3.7
P63096,M119A,-3.25
P63096,M18A,-0.2
P63096,M198A,-3.7
P63096,M1A,-0.25
P63096,M240A,-1.45
P63096,M243A,-6.25
P63096,N141A,0.04999999999999999
P63096,N149A,-0.1
P63096,N157A,0.45
P63096,N166A,0.1
P63096,N22A,-0.25
P63096,N241A,-3.65
P63096,N255A,-2.05
P63096,N256A,0.0
P63096,N269A,-25.6
P63096,N294A,-0.85
P63096,N311A,-1.8
P63096,N331A,-2.5999999999999996
P63096,N346A,-1.05
P63096,N347A,-0.9500000000000001
P63096,N76A,-4.6
P63096,P165A,-0.05000000000000002
P63096,P169A,-5.15
P63096,P282A,-1.5999999999999999
P63096,Q106A,0.15
P63096,Q137A,-2.25
P63096,Q147A,-0.15000000000000002
P63096,Q171A,-1.55
P63096,Q172A,-0.8
P63096,Q204A,-0.44999999999999996
P63096,Q304A,-0.6
P63096,Q306A,-0.55
P63096,Q333A,-0.7
P63096,Q52A,-2.2
P63096,Q68A,0.1
P63096,Q79A,-1.15
P63096,R100A,-0.65
P63096,R105A,0.1
P63096,R129A,-1.6
P63096,R144A,-1.95
P63096,R15A,-0.35
P63096,R161A,0.25
P63096,R176A,-3.5999999999999996
P63096,R178A,1.25
P63096,R205A,-2.85
P63096,R208A,-4.95
P63096,R21A,-0.35
P63096,R24A,-0.4
P63096,R313A,0.25
P63096,R86A,-0.9
P63096,R90A,-1.6
P63096,S134A,-0.05000000000000002
P63096,S143A,-0.4
P63096,S151A,-4.3
P63096,S16A,-0.25
P63096,S228A,-1.5
P63096,S246A,-0.8500000000000001
P63096,S252A,-0.9
P63096,S263A,-1.2
P63096,S281A,-1.9500000000000002
P63096,S293A,0.1
P63096,S44A,0.05
P63096,S47A,-5.6499999999999995
P63096,S6A,-0.2
P63096,S75A,-0.05
P63096,S80A,-0.6
P63096,S98A,0.5
P63096,T170A,-4.0
P63096,T177A,0.9500000000000001
P63096,T181A,-6.25
P63096,T182A,-1.9
P63096,T187A,-1.15
P63096,T190A,-1.7
P63096,T219A,-1.4500000000000002
P63096,T260A,-0.7
P63096,T262A,-0.6
P63096,T284A,-1.2999999999999998
P63096,T295A,-0.8
P63096,T316A,-0.05
P63096,T321A,-0.55
P63096,T324A,-2.7
P63096,T327A,-5.6
P63096,T340A,-0.3
P63096,T48A,-9.350000000000001
P63096,T77A,-1.3
P63096,V109A,0.45
P63096,V126A,-0.55
P63096,V136A,-3.0
P63096,V13A,-0.25
P63096,V174A,-5.050000000000001
P63096,V179A,-2.05
P63096,V185A,-2.05
P63096,V201A,-3.45
P63096,V218A,-0.2
P63096,V339A,-1.75
P63096,V34A,-2.2
P63096,V50A,0.25
P63096,V72A,-1.6500000000000001
P63096,V73A,-5.800000000000001
P63096,W131A,-6.4
P63096,W211A,-4.65
P63096,W258A,-0.19999999999999998
P63096,Y146A,0.5
P63096,Y154A,0.15
P63096,Y155A,-2.9
P63096,Y167A,-3.25
P63096,Y287A,-7.5
P63096,Y290A,-5.7
P63096,Y296A,-2.0999999999999996
P63096,Y302A,-4.85
P63096,Y320A,-1.15
P63096,Y61A,-6.25
P63096,Y69A,-4.0
P63096,Y74A,-3.25
P63159,G123H,1.5999999999999999
P63159,I122H,-1.5500000000000003
P63159,S121H,-8.2
P69168,T119I,4.15
P69168,T31I,6.800000000000001
P69441,D84H,-7.2
P69441,F86L,-2.6
P69441,G85V,-11.1
P69441,R88G,-0.8
P69488,C39D,19.8
P69488,E59K,14.3
P69488,E59L,10.3
P69488,E59Q,8.4
P69488,E61H,4.4
P69488,E61V,14.45
P69488,G45Q,-7.8
P69488,H72K,32.8
P69488,Q73V,4.1
P69488,Q87K,31.2
P69488,S110R,31.7
P69488,S11A,16.5
P69488,S11I,12.8
P69488,S11V,16.1
P69488,S48D,19.8
P69488,S48K,26.6
P69488,S82K,31.3
P69488,S82R,31.5
P69488,T17K,21.6
P69488,T88R,32.0
P69488,Y60T,2.0
P69776,S23A,-3.0
P69776,Y76A,-4.0
P78352,D332G,-0.3
P78352,D332P,1.2
P78352,E334L,-3.0
P78352,E334Q,-0.3
P78352,E401R,10.9
P80040,E165K,13.5
P80040,E165Q,13.4
P80040,T187C,15.0
P81180,P51G,-0.29999999999999993
P81662,E2A,1.0
P81708,A93S,-25.07
P81708,H21G,-28.035
P81708,I56L,-31.615
P81708,V109K,-24.65
P96110,E232A,-1.1
P96110,R191A,-2.2
Q02307,F244E,9.73
Q02307,F82E,19.4
Q02307,Y241E,14.45
Q02307,Y61E,19.72
Q02307,Y65E,17.95
Q02307,Y74E,20.55
Q02307,Y75E,19.98
Q02307,Y81E,19.11
Q03026,A33P,17.3
Q03026,D10P,12.2
Q03026,W40F,13.0
Q08012,T22A,3.2
Q08012,T22D,9.4
Q08012,T22F,3.0
Q08012,T22G,21.1
Q08012,T22K,1.3
Q08012,T22L,-5.7
Q08012,T22N,11.2
Q08012,T22S,-0.2
Q13526,A31G,-17.7
Q13526,E12A,-6.0
Q13526,E35A,-8.3
Q13526,F25A,-26.1
Q13526,F25L,-16.1
Q13526,F25Y,3.4
Q13526,G10A,-9.6
Q13526,H27G,-8.1
Q13526,I28A,-4.4
Q13526,I28G,-11.4
Q13526,K6A,0.8
Q13526,L7A,-20.8
Q13526,L7I,-9.3
Q13526,L7N,-9.8
Q13526,L7V,-14.6
Q13526,M15A,-6.8
Q13526,N26D,-22.6
Q13526,N30A,-5.3
Q13526,N30G,6.4
Q13526,P8A,-11.2
Q13526,P8G,-10.9
Q13526,P9A,-2.6
Q13526,P9G,-5.5
Q13526,Q33A,-5.5
Q13526,R14A,-19.4
Q13526,R17A,0.2
Q13526,R17G,-1.3
Q13526,R21A,-7.7
Q13526,R21G,-7.1
Q13526,R36A,-1.9
Q13526,S16A,-4.6
Q13526,S16G,-11.0
Q13526,S18A,-0.2
Q13526,S18G,-2.1
Q13526,S19A,-1.5
Q13526,S19G,-2.6
Q13526,S32A,-1.7
Q13526,S32G,-8.5
Q13526,S38A,0.2
Q13526,S38G,-0.4
Q13526,T29D,-15.7
Q13526,T29G,-24.2
Q13526,T29S,-7.8
Q13526,W34A,-5.7
Q13526,W34F,-0.6
Q13526,Y23A,-24.7
Q13526,Y24F,-7.2
Q13526,Y24W,-5.7
Q16595,L198C,-3.3
Q16595,L200C,-7.1
Q16595,L203C,1.6
Q25252,E530K,5.1
Q25252,G554D,7.5
Q25252,L364M,7.7
Q2XSL7,K75N,0.2
Q2XSL7,Q73N,4.2
Q2YD82,A172T,2.6
Q2YD82,D151S,-1.6
Q2YD82,K138A,1.0
Q2YD82,K138N,0.6
Q2YD82,R113K,-1.8
Q2YD82,S117G,-0.6
Q2YD82,S121F,5.2
Q2YD82,T132I,0.8
Q40059,K44A,1.3
Q40059,P45A,9.1
Q43763,T340P,8.7
Q56013,S71P,1.5499999999999998
Q56013,T49Y,9.3
Q56304,D168T,-0.5
Q56304,T139E,-5.5
Q56319,D184A,-0.6
Q56319,R241A,-4.8
Q5E9J8,A173W,-1.2
Q5E9J8,F169R,-1.2
Q5E9J8,R75M,-0.9
Q5KZ26,A104Q,-3.6
Q5KZ26,L20M,-4.8
Q5KZ26,P122E,-0.9
Q5NV88,H8P,0.2
Q5NV88,H8S,-0.4
Q5NV88,P7S,-6.9
Q65H53,L134H,-8.8
Q65H53,L52P,-11.9
Q72SM7,Q67A,0.0
Q72SM7,S247A,-0.5
Q7M4T6,F56A,-13.0
Q7SIG1,K102Q,-1.6666666666666667
Q8GB52,I144P,23.46666666666667
Q8GB52,N142P,23.86666666666667
Q8GB52,N154D,2.9000000000000004
Q8GB52,N377P,20.21666666666667
Q8GB52,T404P,21.116666666666664
Q8GJ67 ,G692M,3.8
Q8GRA2,C426A,-0.75
Q8GRA2,N715A,-15.25
Q8NBP7,Q152H,0.9
Q8NBP7,Q152N,-4.45
Q8NBP7,S386A,1.3
Q8NJY3,C205G,1.2
Q8NJY3,C205S,0.2
Q8NJY3,C236P,-9.2
Q8NJY3,C236S,-5.4
Q8NJY3,C246S,-5.6
Q8NJY3,C246V,0.8
Q91472,G24A,-0.1
Q91472,G27A,0.3
Q91472,T179A,3.7
Q92793,Y640F,0.0
Q93D82,A103Q,-4.0
Q93D82,A103Y,-4.5
Q93D82,A158V,6.0
Q93D82,A200Y,-2.5
Q93D82,A29L,3.0
Q93D82,A45H,2.5
Q93D82,A45K,0.5
Q93D82,A45L,-1.0
Q93D82,A60K,-4.0
Q93D82,A60L,-2.0
Q93D82,A60R,1.5
Q93D82,A60Y,-0.5
Q93D82,A69H,-0.5
Q93D82,A69K,-1.5
Q93D82,A69M,-2.5
Q93D82,A69R,0.5
Q93D82,A83M,0.5
Q93D82,A83N,-2.0
Q93D82,A83Q,0.5
Q93D82,A93K,5.5
Q93D82,A93N,4.0
Q93D82,A93T,4.5
Q93D82,C153H,-11.5
Q93D82,C153I,-5.0
Q93D82,C153L,-2.0
Q93D82,C153N,13.5
Q93D82,C153V,-14.5
Q93D82,C229A,-4.5
Q93D82,D182F,-2.0
Q93D82,D230N,-3.0
Q93D82,D39E,0.0
Q93D82,D39K,1.5
Q93D82,D80E,-5.0
Q93D82,D80V,-1.0
Q93D82,D90E,-2.0
Q93D82,D96H,-9.0
Q93D82,E102M,-0.5
Q93D82,E141Q,-9.0
Q93D82,E165A,0.5
Q93D82,E165P,-7.5
Q93D82,E190L,0.5
Q93D82,E190T,1.5
Q93D82,E197K,2.5
Q93D82,E219N,-1.5
Q93D82,E247P,1.0
Q93D82,E33P,-0.5
Q93D82,E42M,1.5
Q93D82,E42Q,-1.0
Q93D82,E56A,0.0
Q93D82,E58N,0.0
Q93D82,E58Q,2.5
Q93D82,E61K,3.5
Q93D82,E61Q,1.5
Q93D82,E61R,-0.5
Q93D82,E64K,0.0
Q93D82,E64Q,1.0
Q93D82,E64R,3.0
Q93D82,E85K,0.0
Q93D82,E85Y,-0.5
Q93D82,F136W,-4.5
Q93D82,F82W,-6.0
Q93D82,F86W,-0.5
Q93D82,G99A,1.0
Q93D82,G99D,0.0
Q93D82,G99H,0.0
Q93D82,H126Y,-1.5
Q93D82,H198M,-10.0
Q93D82,H198Y,-2.5
Q93D82,H26Y,0.5
Q93D82,K123H,0.5
Q93D82,K140P,-10.5
Q93D82,K140S,-2.5
Q93D82,K161F,-1.0
Q93D82,K193L,0.0
Q93D82,K91Q,-4.0
Q93D82,L111W,-8.0
Q93D82,M54F,-1.5
Q93D82,N113H,-2.0
Q93D82,N113Q,-3.5
Q93D82,N157F,-1.0
Q93D82,N157H,1.5
Q93D82,N157R,-5.0
Q93D82,N157W,-9.0
Q93D82,N195H,-0.5
Q93D82,P244A,2.0
Q93D82,P253G,-0.5
Q93D82,P253S,-2.5
Q93D82,Q209H,-7.0
Q93D82,Q37D,0.0
Q93D82,Q37E,0.0
Q93D82,Q87L,-2.5
Q93D82,Q87R,3.5
Q93D82,R107Q,0.0
Q93D82,R98I,-0.5
Q93D82,R98L,0.0
Q93D82,S117A,-1.5
Q93D82,S117K,0.0
Q93D82,S143A,-5.0
Q93D82,S143V,-5.5
Q93D82,S160A,-0.5
Q93D82,S17A,0.0
Q93D82,S228K,-0.5
Q93D82,S228R,-0.5
Q93D82,S22A,-0.5
Q93D82,S2K,1.0
Q93D82,S55P,0.0
Q93D82,S68K,0.0
Q93D82,S68N,0.5
Q93D82,S68Q,-2.0
Q93D82,S68R,1.5
Q93D82,T134I,-1.5
Q93D82,T134L,0.5
Q93D82,T134V,3.0
Q93D82,T144I,-8.0
Q93D82,T154I,-3.0
Q93D82,T154K,-11.5
Q93D82,T154R,-16.5
Q93D82,T189K,-12.5
Q93D82,T194Q,-4.0
Q93D82,T213D,-3.0
Q93D82,T213N,-3.5
Q93D82,T27L,0.0
Q93D82,T27M,0.0
Q93D82,T3I,0.0
Q93D82,T3V,0.0
Q93D82,T47A,-2.0
Q93D82,T47H,-1.5
Q93D82,T47K,1.0
Q93D82,T67Q,-1.5
Q93D82,T7F,0.0
Q93D82,T7M,0.0
Q93D82,V199I,1.5
Q93D82,V199K,1.5
Q93D82,V205L,-1.5
Q93D82,V236I,1.5
Q93D82,V75I,0.0
Q93D82,V94L,-1.5
Q93D82,Y70F,0.5
Q93P54,G70C,2.55
Q93P54,I69C,2.0
Q93P54,S71C,1.55
Q93P54,S72C,3.25
Q99972,C433R,-11.399999999999999
Q99972,D273A,-34.9
Q99972,D380A,-10.45
Q99972,D384A,-8.25
Q99972,E323K,-9.15
Q99972,E385A,-11.600000000000001
Q99972,G252R,-9.05
Q99972,G364V,-7.85
Q99972,G367R,-9.5
Q99972,I477S,-12.350000000000001
Q99972,I499F,-9.7
Q99972,K423E,-17.6
Q99972,N480K,-11.05
Q99972,P481L,-7.95
Q99972,R272G,-11.5
Q99972,S502P,-10.85
Q99972,T377M,-8.85
Q99972,V426F,-10.6
Q99972,Y437H,-11.85
Q9EYL5,E114Q,2.05
Q9EYL5,P170A,-10.855
Q9EYL5,T171V,0.20000000000000007
Q9NAV8,H56V,7.0
Q9NZN9,A197P,-3.6
Q9NZN9,C239R,2.6
Q9NZN9,G262S,-4.0
Q9NZN9,I206N,-2.7
Q9NZN9,P376S,-0.7
Q9NZN9,R302L,-0.9
Q9NZN9,T114I,-9.3
Q9P246,C15S,2.4
Q9P246,C53S,-1.0
Q9P246,C60S,-1.0
Q9R782,K248A,4.1000000000000005
Q9R782,K248E,-1.55
Q9R782,S140C,1.04
Q9R782,S277C,-5.779999999999999
Q9REI6,G130P,1.2
Q9REI6,G443Q,-0.6
Q9S446 ,M155V,-3.2
Q9S446 ,V193R,-2.2
Q9UMX6,G157R,-5.433333333333334
Q9Y6R1,R342S,-5.0
Q9ZAG3,A142R,-2.8
Q9ZAG3,A19K,2.5
Q9ZAG3,A20P,-2.1
Q9ZAG3,A41R,0.0
Q9ZAG3,A41S,0.3
Q9ZAG3,A66P,0.8
Q9ZAG3,A72R,-1.8
Q9ZAG3,D24R,-3.8
Q9ZAG3,D33K,-1.5
Q9ZAG3,D33R,-2.3
Q9ZAG3,D65E,0.5
Q9ZAG3,E124K,-1.3
Q9ZAG3,E124R,-2.8
Q9ZAG3,E45R,-1.0
Q9ZAG3,E68Q,0.5
Q9ZAG3,G18N,0.3
Q9ZAG3,I127F,-2.5
Q9ZAG3,I27M,-1.8
Q9ZAG3,K110R,-1.5
Q9ZAG3,K26R,-0.8
Q9ZAG3,K42R,-1.3
Q9ZAG3,L106R,-2.3
Q9ZAG3,L122F,-7.5
Q9ZAG3,L94F,0.0
Q9ZAG3,N92K,7.3
Q9ZAG3,N92R,1.8
Q9ZAG3,Q121V,-10.0
Q9ZAG3,Q69R,0.3
Q9ZAG3,S111K,-2.3
Q9ZAG3,S111R,0.0
Q9ZAG3,S12R,0.2
Q9ZAG3,S15K,-0.3
Q9ZAG3,S15P,0.2
Q9ZAG3,T76A,0.8
Q9ZAG3,T76K,1.5
Q9ZAG3,T85I,5.8
Q9ZAG3,T85L,2.5
Q9ZAG3,T85P,-6.0
Q9ZAG3,T85V,6.8
Q9ZAG3,Y62W,0.0
Q9ZAG3,Y96F,2.8
Q9ZEU2,D152A,0.2
Q9ZEU2,D152E,-1.4
Q9ZEU2,D152I,-1.6
Q9ZEU2,D515A,0.8
Q9ZEU2,F258A,-3.4
Q9ZEU2,F258Y,-0.8
Q9ZEU2,H195A,-1.6
Q9ZEU2,H195D,-3.4
Q9ZEU2,H195F,-3.6
Q9ZEU2,H195G,-2.8
Q9ZEU2,H195I,-6.6
Q9ZEU2,H195K,-0.4
Q9ZEU2,H195L,-6.4
Q9ZEU2,H195M,-0.2
Q9ZEU2,H195N,-1.4
Q9ZEU2,H195Q,-3.0
Q9ZEU2,H195R,-5.0
Q9ZEU2,H195S,-0.8
Q9ZEU2,H195T,-4.0
Q9ZEU2,H195V,-4.0
Q9ZEU2,H195W,-5.8
Q9ZEU2,H195Y,-3.2
Q9ZEU2,H400A,1.0
Q9ZEU2,H400C,0.8
Q9ZEU2,H400E,0.4
Q9ZEU2,H400F,-2.4
Q9ZEU2,H400G,0.8
Q9ZEU2,H400I,-0.2
Q9ZEU2,H400K,-1.6
Q9ZEU2,H400L,-0.4
Q9ZEU2,H400M,0.4
Q9ZEU2,H400N,-0.2
Q9ZEU2,H400P,2.2
Q9ZEU2,H400Q,-0.4
Q9ZEU2,H400S,0.2
Q9ZEU2,H400T,0.4
Q9ZEU2,H400V,0.2
Q9ZEU2,H400W,0.4
Q9ZEU2,R292D,1.6
Q9ZEU2,R292K,1.6
Q9ZEU2,R292V,1.8
Q9ZEU2,R454A,-0.2
Q9ZEU2,R454E,-2.2
Q9ZEU2,R517A,0.0
Q9ZEU2,Y155A,-1.0
Q9ZEU2,Y155F,-0.2
Q9ZEU2,Y155N,-1.0
R9S082,G130A,2.0
R9S082,G24A,-2.2
R9S082,H117A,0.3
R9S082,I112A,-6.4
R9S082,I112L,-2.0
R9S082,I112M,-3.7
R9S082,I143A,-3.7
R9S082,I143L,1.8
R9S082,I143M,2.6
R9S082,I143V,-0.3
R9S082,I29A,-4.4
R9S082,I29L,-1.7
R9S082,I29M,-1.7
R9S082,I29V,0.1
R9S082,L10A,-0.8
R9S082,L136I,-5.2
R9S082,L136M,-2.5
R9S082,L136V,-8.3
R9S082,L138A,-3.6
R9S082,L150A,-3.2
R9S082,L30A,-8.9
R9S082,L30I,-3.6
R9S082,L30M,-0.3
R9S082,L30V,-6.0
R9S082,L50I,-2.5
R9S082,L70A,-3.8
R9S082,L70I,-0.1
R9S082,L70M,0.0
R9S082,L70V,-0.3
R9S082,P89A,1.1
R9S082,S118A,-0.5
R9S082,T52A,-2.8
R9S082,T68A,-0.5
R9S082,V115A,-2.9
R9S082,V14A,-1.3
R9S082,V67A,1.4
W0TJ64,S176A,78.74
