UniProt_ID,Mutation,Tm,pH,Î”Tm
Q9ZEU2,Y147N,47.8,[7.0],-1.0
Q9ZEU2,Y147F,47.8,[7.0],-0.2
Q9ZEU2,Y147A,47.8,[7.0],-1.0
Q9ZEU2,R509A,47.8,[7.0],0.0
Q9ZEU2,R446F,47.8,[7.0],0.2
Q9ZEU2,R446E,47.8,[7.0],-2.2
Q9ZEU2,R284V,47.8,[7.0],1.8
Q9ZEU2,R284K,47.8,[7.0],1.6
Q9ZEU2,R284H,47.8,[7.0],0.4
Q9ZEU2,R284D,47.8,[7.0],1.6
Q9ZEU2,H392Y,47.8,[7.0],2.0
Q9ZEU2,H392W,47.8,[7.0],0.4
Q9ZEU2,H392V,47.8,[7.0],0.2
Q9ZEU2,H392T,47.8,[7.0],0.4
Q9ZEU2,H392S,47.8,[7.0],0.2
Q9ZEU2,H392Q,47.8,[7.0],-0.4
Q9ZEU2,H392P,47.8,[7.0],2.2
Q9ZEU2,H392N,47.8,[7.0],-0.2
Q9ZEU2,H392M,47.8,[7.0],0.4
Q9ZEU2,H392L,47.8,[7.0],-0.4
Q9ZEU2,H392K,47.8,[7.0],-1.6
Q9ZEU2,H392I,47.8,[7.0],-0.2
Q9ZEU2,H392G,47.8,[7.0],0.8
Q9ZEU2,H392F,47.8,[7.0],-2.4
Q9ZEU2,H392E,47.8,[7.0],0.4
Q9ZEU2,H392C,47.8,[7.0],0.8
Q9ZEU2,H392A,47.8,[7.0],1.0
Q9ZEU2,H187Y,47.8,[7.0],-3.2
Q9ZEU2,H187W,47.8,[7.0],-5.8
Q9ZEU2,H187V,47.8,[7.0],-4.0
Q9ZEU2,H187T,47.8,[7.0],-4.0
Q9ZEU2,H187S,47.8,[7.0],-0.8
Q9ZEU2,H187R,47.8,[7.0],-5.0
Q9ZEU2,H187Q,47.8,[7.0],-3.0
Q9ZEU2,H187N,47.8,[7.0],-1.4
Q9ZEU2,H187M,47.8,[7.0],-0.2
Q9ZEU2,H187L,47.8,[7.0],-6.4
Q9ZEU2,H187K,47.8,[7.0],-0.4
Q9ZEU2,H187I,47.8,[7.0],-6.6
Q9ZEU2,H187G,47.8,[7.0],-2.8
Q9ZEU2,H187F,47.8,[7.0],-3.6
Q9ZEU2,H187D,47.8,[7.0],-3.4
Q9ZEU2,H187C,47.8,[7.0],-0.2
Q9ZEU2,H187A,47.8,[7.0],-1.6
Q9ZEU2,Fault,47.8,[7.0],-0.2
Q9ZEU2,F250Y,47.8,[7.0],-0.8
Q9ZEU2,F250N,47.8,[7.0],-3.2
Q9ZEU2,F250A,47.8,[7.0],-3.4
Q9ZEU2,D507I,47.8,[7.0],0.6
Q9ZEU2,D507A,47.8,[7.0],0.8
Q9ZEU2,D144I,47.8,[7.0],-1.6
Q9ZEU2,D144E,47.8,[7.0],-1.4
Q9ZEU2,D144A,47.8,[7.0],0.2
Q9REI6,N197K,50.5,[7.5],0.6
Q9REI6,G92P,50.5,[7.5],1.2
Q9REI6,G405Q,50.5,[7.5],-0.6
Q9L9D7,T172R,34.8,[8.0],3.8
Q9L9D7,L169K,34.8,[8.0],6.3
Q9L9D7,G173Q,34.8,[8.0],3.0
Q9BY41,T311M,50.1,[7.0],-7.8
Q9BY41,I243N,50.1,[7.0],-9.5
Q9BY41,H334R,50.1,[7.0],-7.0
Q9BY41,C153F,50.1,[7.0],-1.9
Q9BY41,A188T,50.1,[7.0],-3.6
Q8NJY3,C216V,68.7,[8.0],0.8
Q8NJY3,C216S,68.7,[8.0],-5.5
Q8NJY3,C206S,68.7,[8.0],-5.4
Q8NJY3,C206P,68.7,[8.0],-9.1
Q8NJY3,C175S,68.7,[8.0],0.2
Q8NJY3,C175G,68.7,[8.0],1.3
Q03023,W15F,81.5,[7.1],-4.7
Q03023,D10P,81.5,[7.1],-5.5
Q03023,D10A,81.5,[7.1],0.0
Q03023,A8P,81.5,[7.1],-0.4
P61823,Y97F,61.4,[5.0],-10.1
P61823,Y92W,61.4,[5.0],1.1
P61823,Y76W,61.4,[5.0],-6.1
P61823,Y73W,61.4,[5.0],-2.5
P61823,Y115W,61.4,[5.0],-4.4
P61823,V63G,61.4,[5.0],-11.9
P61823,V63A,61.4,[5.0],0.1
P61823,V57L,61.4,[5.0],-7.3
P61823,V57I,61.4,[5.0],-0.2
P61823,V57G,61.4,[5.0],-19.9
P61823,V57A,61.4,[5.0],-9.3
P61823,V54L,61.4,[5.0],-3.3
P61823,V54I,61.4,[5.0],-2.6
P61823,V54G,61.4,[5.0],-17.2
P61823,V54A,61.4,[5.0],-8.2
P61823,V47A,61.4,[5.0],-13.0
P61823,V124W,61.4,[5.0],-4.5
P61823,V118G,61.4,[5.0],-10.1
P61823,V118A,61.4,[5.0],-5.5
P61823,V116G,61.4,[5.0],-4.4
P61823,V116A,61.4,[5.0],-3.2
P61823,V108L,61.4,[5.0],-2.4
P61823,V108I,61.4,[5.0],0.1
P61823,V108A,61.4,[5.0],-14.7
P61823,S75T,61.4,[6.0],-8.9
P61823,S75C,61.4,[6.0],-17.9
P61823,S75A,61.4,[6.0],-7.9
P61823,S123A,61.4,[7.0],1.4
P61823,P93G,61.4,[6.0],-6.2
P61823,P93A,61.4,[5.0],-10.7
P61823,P42A,61.4,[5.0],-1.4
P61823,P117A,61.4,[5.0],-6.7
P61823,P114G,61.4,[6.0],-9.5
P61823,P114A,61.4,[5.0],-10.6
P61823,N67D,61.4,[6.0],-0.2
P61823,K1W,61.4,[5.0],3.3
P61823,K104W,61.4,[5.0],-10.9
P61823,I81V,61.4,[5.0],-0.7
P61823,I81G,61.4,[5.0],-17.0
P61823,I81A,61.4,[5.0],-10.3
P61823,I107V,61.4,[5.0],0.6
P61823,I107L,61.4,[5.0],-8.6
P61823,I107A,61.4,[5.0],-10.3
P61823,I106V,61.4,[5.0],-3.0
P61823,I106L,61.4,[5.0],-6.3
P61823,I106A,61.4,[5.0],-14.9
P61823,G88R,61.4,[6.0],0.8
P61823,F8W,61.4,[5.0],-8.9
P61823,F46V,61.4,[6.0],-12.3
P61823,F46L,61.4,[6.0],-11.1
P61823,D38W,61.4,[5.0],-3.5
P61823,A64G,61.4,[5.0],-2.2
P61823,A5S,61.4,[7.0],-1.1
P61823,A4S,61.4,[7.0],-1.5
P61823,A109G,61.4,[5.0],-2.6
P61626,Y63F,64.9,[2.7],-0.7
P61626,Y54F,64.9,[2.7],-3.0
P61626,Y45F,64.9,[2.7],0.2
P61626,Y38G,64.9,[2.7],-8.2
P61626,Y38F,64.9,[2.7],-0.6
P61626,Y38A,64.9,[2.7],-8.9
P61626,Y20F,64.9,[2.7],-1.5
P61626,Y124F,64.9,[2.7],-1.1
P61626,V99T,64.9,[2.7],-1.6
P61626,V99A,64.9,[2.7],-3.0
P61626,V99A,49.2,[2.7],-4.4
P61626,V93T,64.9,[2.7],-2.3
P61626,V93A,64.9,[2.7],-2.3
P61626,V93A,49.2,[2.7],-4.4
P61626,V74Y,64.9,[2.7],-0.9
P61626,V74S,64.9,[2.7],-1.2
P61626,V74R,64.9,[2.7],-0.3
P61626,V74N,64.9,[2.7],-1.0
P61626,V74M,64.9,[2.7],2.0
P61626,V74L,64.9,[2.7],0.6
P61626,V74I,64.9,[2.7],1.7
P61626,V74G,64.9,[2.7],-0.7
P61626,V74F,64.9,[2.7],-0.9
P61626,V74D,64.9,[2.7],-1.4
P61626,V74A,64.9,[2.7],-1.1
P61626,V74A,49.2,[2.7],-1.9
P61626,V2Y,64.9,[2.7],-1.2
P61626,V2S,64.9,[2.7],-4.4
P61626,V2R,64.9,[2.7],-1.3
P61626,V2N,64.9,[2.7],-4.1
P61626,V2M,64.9,[2.7],-1.0
P61626,V2L,64.9,[2.7],-0.2
P61626,V2I,64.9,[2.7],3.4
P61626,V2G,64.9,[2.7],-7.5
P61626,V2F,64.9,[2.7],-2.7
P61626,V2D,64.9,[2.7],-4.5
P61626,V2A,64.9,[2.7],-4.6
P61626,V2A,49.2,[2.7],-7.9
P61626,V130A,64.9,[2.7],-2.6
P61626,V130A,49.2,[2.7],-4.8
P61626,V125A,64.9,[2.7],-4.0
P61626,V125A,49.2,[2.7],-7.0
P61626,V121A,64.9,[2.7],-4.5
P61626,V121A,49.2,[2.7],-9.3
P61626,V110Y,64.9,[2.7],-0.5
P61626,V110R,64.9,[2.7],2.9
P61626,V110P,64.9,[2.7],1.2
P61626,V110N,64.9,[2.7],0.2
P61626,V110M,64.9,[2.7],1.6
P61626,V110L,64.9,[2.7],0.2
P61626,V110I,64.9,[2.7],2.7
P61626,V110G,64.9,[2.7],1.6
P61626,V110F,64.9,[2.7],-0.2
P61626,V110D,64.9,[2.7],0.5
P61626,V110A,64.9,[2.7],1.5
P61626,V110A,49.2,[2.7],0.3
P61626,V100T,64.9,[2.7],-0.9
P61626,V100F,64.9,[2.7],-6.5
P61626,V100A,64.9,[2.7],-0.8
P61626,V100A,49.2,[2.7],-2.6
P61626,T70V,64.9,[2.7],-2.1
P61626,T70A,64.9,[2.7],-4.7
P61626,T52V,64.9,[2.7],-2.8
P61626,T52A,64.9,[2.7],-2.9
P61626,T43V,64.9,[2.7],3.2
P61626,T43A,64.9,[2.7],-1.1
P61626,T40V,64.9,[2.7],-4.2
P61626,T40A,64.9,[2.7],-4.7
P61626,T11V,64.9,[2.7],1.0
P61626,T11A,64.9,[2.7],1.2
P61626,S82A,64.9,[2.7],1.1
P61626,S80A,64.9,[2.7],1.4
P61626,S61A,64.9,[2.7],-4.3
P61626,S51A,64.9,[2.7],-0.7
P61626,S36A,64.9,[2.7],-3.5
P61626,S24A,64.9,[2.7],-1.6
P61626,R50G,64.9,[2.7],0.9
P61626,R50A,64.9,[2.7],1.4
P61626,R21G,64.9,[2.7],3.7
P61626,R21A,64.9,[2.7],4.5
P61626,Q58G,64.9,[2.7],5.7
P61626,Q58A,64.9,[2.7],3.1
P61626,P71G,64.9,[2.8],-4.7
P61626,P103G,64.9,[2.8],-0.1
P61626,N27L,64.9,[2.7],0.4
P61626,N118G,64.9,[2.7],0.2
P61626,N118A,64.9,[2.7],0.6
P61626,L8T,64.9,[2.7],-12.4
P61626,K1M,64.9,[2.7],-0.5
P61626,K1A,64.9,[2.7],-2.2
P61626,I89V,64.9,[2.7],-1.4
P61626,I89V,49.2,[2.7],-2.7
P61626,I89A,64.9,[2.7],-8.7
P61626,I59Y,64.9,[2.7],-13.8
P61626,I59V,64.9,[2.7],-4.4
P61626,I59V,49.2,[2.7],-4.4
P61626,I59T,64.9,[2.7],-6.9
P61626,I59S,64.9,[2.7],-11.8
P61626,I59M,64.9,[2.7],-4.2
P61626,I59L,64.9,[2.7],0.0
P61626,I59G,64.9,[2.7],-12.7
P61626,I59F,64.9,[2.7],-2.6
P61626,I59A,64.9,[2.7],-5.2
P61626,I59A,49.2,[2.7],-5.8
P61626,I56V,64.9,[2.7],-3.6
P61626,I56V,49.2,[2.7],-6.3
P61626,I56T,64.9,[2.7],-12.5
P61626,I56M,64.9,[2.7],-5.8
P61626,I56L,64.9,[2.7],-0.3
P61626,I56G,64.9,[2.7],-2.7
P61626,I56F,64.9,[2.7],-15.0
P61626,I56A,64.9,[2.7],-12.5
P61626,I23V,64.9,[2.7],-1.6
P61626,I23V,49.2,[2.7],-1.6
P61626,I23A,64.9,[2.7],-8.1
P61626,I106V,64.9,[2.7],-2.2
P61626,I106V,49.2,[2.7],-4.7
P61626,I106A,64.9,[2.7],-3.0
P61626,H78G,64.9,[2.7],-0.5
P61626,H78A,64.9,[2.7],-0.5
P61626,G72A,64.9,[2.7],-1.1
P61626,G68A,64.9,[2.7],-0.4
P61626,G48A,64.9,[2.7],1.5
P61626,G37Q,64.9,[2.7],-0.8
P61626,G37A,64.9,[2.7],-0.9
P61626,G22A,64.9,[2.7],-7.2
P61626,G19A,64.9,[2.7],-5.5
P61626,G16A,64.9,[2.7],-4.6
P61626,G129A,64.9,[2.7],0.5
P61626,G127A,64.9,[2.7],-1.7
P61626,G105A,64.9,[2.7],-2.1
P61626,E7Q,64.9,[4.0],-3.9
P61626,E35L,64.9,[2.7],-1.8
P61626,D91P,64.9,[2.8],-1.1
P61626,D67N,64.9,[4.0],-6.1
P61626,D49N,64.9,[4.0],-2.7
P61626,D18N,64.9,[4.0],-4.6
P61626,D120N,64.9,[4.0],-1.8
P61626,D102N,64.9,[4.0],-1.8
P61626,A9S,64.9,[2.7],-0.1
P61626,A96S,64.9,[2.7],-3.3
P61626,A96M,64.9,[2.7],0.1
P61626,A92S,64.9,[2.7],2.6
P61626,A47P,64.9,[2.8],0.3
P61626,A32S,64.9,[2.7],-1.0
P61626,A32L,64.9,[2.7],-0.3
P48842,Y295F,60.9,[4.5],0.3
P48842,G306A,60.9,[4.5],1.1
P48842,D58N,60.9,[4.5],0.7
P48842,D182N,60.9,[4.5],0.5
P41365,V221D,57.7,[7.0],-2.0
P41365,V210I,57.7,[7.0],0.8
P41365,A281E,57.7,[7.0],-6.8
P39476,W24A,98.6,[7.0],-6.1
P39476,I30V,98.6,[7.0],-3.9
P39476,F32Y,98.6,[7.2],-10.4
P38398,V1833M,48.3,[9.0],-4.7
P38398,R1699W,48.3,[9.0],-7.5
P38398,M1775R,48.3,[9.0],-11.8
P32081,T64R,55.3,[7.0],6.1
P32081,S48R,55.3,[7.0],8.9
P32081,S48K,55.3,[7.0],7.7
P32081,S48E,55.3,[7.5],0.7
P32081,R56Q,55.3,[7.5],3.0
P32081,N10D,55.3,[7.5],5.4
P32081,M1R,55.3,[7.0],10.4
P32081,L2R,55.3,[7.0],-3.1
P32081,K65I,55.3,[7.0],8.6
P32081,F38A,55.3,[7.0],2.2
P32081,F27A,55.3,[7.0],-6.0
P32081,F17A,55.3,[7.0],-11.3
P32081,F15A,55.3,[7.0],-15.8
P32081,E66V,55.3,[7.0],10.6
P32081,E66L,55.3,[7.0],12.6
P32081,E66K,55.3,[7.0],12.9
P32081,E50Q,55.3,[7.5],-9.7
P32081,E43S,55.3,[7.0],0.9
P32081,E3V,55.3,[7.0],10.2
P32081,E3R,55.3,[7.0],15.8
P32081,E3Q,55.3,[7.5],10.3
P32081,E3L,55.3,[7.0],9.3
P32081,E3K,55.3,[7.0],16.6
P32081,D25Q,55.3,[7.5],-8.1
P32081,A46L,55.3,[7.0],4.1
P32081,A46K,55.3,[7.0],8.4
P32081,A46E,55.3,[7.0],-5.2
P29957,V196F,44.0,[7.2],1.4
P29957,R64E,44.0,[7.2],-1.4
P29957,N150D,44.0,[7.2],0.8
P29957,N12R,44.0,[7.2],-0.7
P29957,L219R,44.0,[7.2],-1.5
P29957,K300R,44.0,[7.2],1.2
P29957,E279W,44.0,[7.2],-2.6
P29768,A69V,57.0,[7.0],3.0
P29768,A53L,57.0,[7.0],5.0
P29160,R92M,93.8,[7.4],-3.1
P29160,R92A,93.8,[7.4],-3.7
P29160,R8A,93.8,[7.4],-7.0
P29160,R76A,93.8,[7.4],-1.5
P29160,R54A,93.8,[7.4],-5.4
P29160,R42A,93.8,[7.4],0.2
P29160,R39A,93.8,[7.4],-4.8
P29160,R21A,93.8,[7.4],-1.4
P29160,K9M,93.8,[7.4],-7.1
P29160,K9A,93.8,[7.4],-8.4
P29160,K46A,93.8,[7.4],-7.4
P29160,K33A,93.8,[7.4],-6.4
P29160,K28A,93.8,[7.4],-4.4
P29160,K22A,93.8,[7.4],1.0
P29160,K15A,93.8,[7.4],-6.1
P29160,H78A,93.8,[7.4],-2.2
P29160,E90A,93.8,[7.4],-0.8
P29160,E6A,93.8,[7.4],-8.6
P29160,E69A,93.8,[7.4],-2.0
P29160,E64A,93.8,[7.4],0.4
P29160,E62A,93.8,[7.4],-5.5
P29160,E50A,93.8,[7.4],2.3
P29160,E47A,93.8,[7.4],2.0
P29160,D87A,93.8,[7.4],-9.2
P29160,D48A,93.8,[7.4],3.2
P29160,D44A,93.8,[7.4],0.1
P29160,D2A,93.8,[7.4],-2.5
P29160,D12A,93.8,[7.4],0.4
P26514,Y172S,68.0,[6.0],1.6
P26514,Y172F,68.0,[6.0],-0.9
P26514,Y172A,68.0,[6.0],-5.0
P26514,W85H,68.0,[6.0],-1.0
P26514,W85F,68.0,[6.0],-4.0
P26514,W85A,68.0,[6.0],2.0
P26514,W274H,68.0,[6.0],0.2
P26514,W274F,68.0,[6.0],0.8
P26514,W274A,68.0,[6.0],4.1
P26514,W266H,68.0,[6.0],-7.3
P26514,W266F,68.0,[6.0],-3.3
P26514,W266A,68.0,[6.0],-4.7
P24297,L32I,138.8,[9.1],-4.5
P24297,I23V,138.8,[9.1],-2.7
P22364,W45Y,58.1,[7.5],-8.1
P22069,M23L,87.8,[7.0],-5.8
P22069,F36Y,87.8,[5.5],-9.3
P22069,F28T,87.8,[5.5],-11.1
P22069,F28A,87.8,[5.5],-10.4
P14756,R205A,69.0,[7.5],1.0
P14756,R179A,69.0,[7.5],-7.0
P14756,D201A,69.0,[7.5],1.0
P14756,D189A,69.0,[7.5],-4.0
P13123,W24A,90.7,[7.0],-9.6
P13123,V30I,90.7,[7.0],5.8
P0AEX9,P48S,64.6,[7.0],0.3
P0AEX9,P48A,64.6,[7.0],-0.5
P0AEX9,P159S,64.6,[7.4],-3.6
P0AEX9,P159A,64.6,[7.4],-3.0
P0AEX9,P133S,64.6,[7.4],-3.4
P0AEX9,P133A,64.6,[7.4],-0.6
P0ABQ4,T68N,49.3,[7.8],1.4
P0ABQ4,T113V,49.3,[7.8],3.9
P0ABQ4,S138Y,49.3,[7.8],1.5
P0ABQ4,Q108D,49.3,[7.8],1.6
P0ABQ4,P39C,49.3,[9.0],-2.5
P0ABQ4,G121Y,49.3,[7.0],-5.5
P0ABQ4,G121V,49.3,[7.0],-2.4
P0ABQ4,G121S,49.3,[7.0],-2.4
P0ABQ4,G121L,49.3,[7.0],-5.2
P0ABQ4,G121H,49.3,[7.0],-2.9
P0ABQ4,G121D,49.3,[7.0],-5.5
P0ABQ4,G121C,49.3,[7.0],-1.2
P0ABQ4,G121A,49.3,[7.0],-2.7
P0ABQ4,E120P,49.3,[7.8],1.2
P0ABQ4,D116F,49.3,[7.8],1.4
P0AA04,K49S,63.4,[7.0],5.0
P0AA04,K49R,63.4,[7.0],-1.1
P0AA04,K49Q,63.4,[7.0],6.4
P0AA04,K49N,63.4,[7.0],1.7
P0AA04,K49M,63.4,[7.0],4.3
P0AA04,K49G,63.4,[7.0],5.0
P0AA04,K49E,63.4,[7.0],8.7
P0AA04,K49D,63.4,[7.0],7.4
P0AA04,K49A,63.4,[7.0],6.6
P0A9X9,Y42W,59.0,[7.0],4.0
P0A9X9,T68W,59.0,[7.0],4.0
P0A9X9,S52W,59.0,[7.0],-3.0
P0A7Y4,V74L,52.6,[5.5],3.3
P0A7Y4,V74I,52.6,[5.5],2.1
P0A7Y4,V74A,52.6,[5.5],-12.7
P0A7Y4,S68V,52.6,[3.0],1.9
P0A7Y4,S68T,52.6,[3.0],-0.7
P0A7Y4,S68L,52.6,[3.0],-1.6
P0A7Y4,S68G,52.6,[3.0],-8.0
P0A7Y4,S68A,52.6,[3.0],-1.5
P0A7Y4,R41C,52.6,[5.5],1.6
P0A7Y4,Q80L,52.6,[5.5],0.8
P0A7Y4,Q76L,52.6,[5.5],1.1
P0A7Y4,Q113P,52.6,[5.5],-2.1
P0A7Y4,K95N,52.6,[5.5],3.2
P0A7Y4,K95G,52.6,[5.5],6.8
P0A7Y4,K95A,52.6,[5.5],0.4
P0A7Y4,K91R,52.6,[5.5],0.1
P0A7Y4,K117R,52.6,[5.5],0.1
P0A7Y4,H83A,52.6,[7.8],-0.2
P0A7Y4,H62R,52.6,[5.5],1.3
P0A7Y4,H62P,52.6,[5.5],4.1
P0A7Y4,H62D,52.6,[5.5],-0.6
P0A7Y4,H62A,52.6,[7.8],1.0
P0A7Y4,H127A,52.6,[3.0],0.9
P0A7Y4,H124A,52.6,[7.9],0.1
P0A7Y4,H114A,52.6,[7.8],-7.7
P0A7Y4,G77A,52.6,[3.0],-2.9
P0A7Y4,G23A,52.6,[5.5],1.8
P0A7Y4,E48Q,52.6,[9.0],1.0
P0A7Y4,E48D,52.6,[9.0],-0.8
P0A7Y4,E48A,52.6,[9.0],-1.0
P0A7Y4,E135K,52.6,[5.5],-0.8
P0A7Y4,E119V,52.6,[5.5],2.7
P0A7Y4,D94E,52.6,[5.5],-1.6
P0A7Y4,D70N,52.6,[9.0],5.5
P0A7Y4,D70E,52.6,[9.0],0.4
P0A7Y4,D70A,52.6,[9.0],3.8
P0A7Y4,D134V,52.6,[5.5],4.1
P0A7Y4,D134T,52.6,[5.5],3.9
P0A7Y4,D134S,52.6,[5.5],3.9
P0A7Y4,D134Q,52.6,[5.5],4.8
P0A7Y4,D134N,52.6,[5.5],3.2
P0A7Y4,D134L,52.6,[5.5],5.5
P0A7Y4,D134I,52.6,[5.5],4.6
P0A7Y4,D134H,52.6,[5.5],7.0
P0A7Y4,D134E,52.6,[5.5],3.1
P0A7Y4,D134A,52.6,[9.0],6.8
P0A7Y4,D10S,52.6,[9.0],9.2
P0A7Y4,D10N,52.6,[9.0],3.2
P0A7Y4,D10H,52.6,[9.0],8.2
P0A7Y4,D10E,52.6,[9.0],3.4
P0A7Y4,D10A,52.6,[9.0],13.7
P0A7Y4,A52Y,52.6,[3.0],-7.6
P0A7Y4,A52V,52.6,[3.0-5.5],7.8
P0A7Y4,A52T,52.6,[3.0],-2.7
P0A7Y4,A52S,52.6,[3.0],-5.8
P0A7Y4,A52Q,52.6,[3.0],-3.9
P0A7Y4,A52P,52.6,[3.0],-5.4
P0A7Y4,A52N,52.6,[3.0],-5.9
P0A7Y4,A52M,52.6,[3.0],1.6
P0A7Y4,A52L,52.6,[3.0],4.3
P0A7Y4,A52K,52.6,[3.0],-19.5
P0A7Y4,A52I,52.6,[3.0],6.2
P0A7Y4,A52H,52.6,[3.0],-11.8
P0A7Y4,A52G,52.6,[3.0],-8.9
P0A7Y4,A52F,52.6,[3.0],-1.5
P0A7Y4,A52E,52.6,[3.0],-5.0
P0A7Y4,A52D,52.6,[3.0],-6.1
P0A7Y4,A52C,52.6,[3.0],2.5
P0A7Y4,A24V,52.6,[5.5],3.2
P0A7Y4,A125T,52.6,[5.5],0.0
P0A2K1,C81S,46.0,[7.8],-5.0
P0A2K1,C118S,46.0,[7.8],-5.0
P0A115,Y137C,51.5,[7.5],-0.7
P0A115,Q110L,51.5,[7.5],1.0
P0A115,N154D,51.5,[7.5],2.9
P08758,E17G,52.5,[8.0],0.3
P07751,N47A,58.9,[3.5],-3.5
P07751,D48G,58.9,[3.5],7.9
P07751,A56K,53.9,[3.2],-0.6
P07751,A56G,58.9,[3.2],-4.6
P07751,A56E,58.9,[3.2],-3.8
P07170,V8I,47.6,[7.5],-1.5
P07170,T77H,47.6,[7.5],-1.1
P07170,T110H,47.6,[7.6],-4.8
P07170,Q48E,47.6,[7.7],-1.3
P07170,N169D,47.6,[7.5],-0.6
P07170,I213F,47.6,[7.5],-7.7
P06876,V103I,39.0,[7.0],7.8
P06654,V21P,84.3,[5.5],6.2
P06654,T53Y,84.3,[5.2],3.4
P06654,T53V,84.3,[5.2],-1.6
P06654,T53I,84.3,[5.2],1.3
P06654,T53F,84.3,[5.2],1.9
P06654,T2P,84.3,[5.5],-6.6
P06654,K10P,84.3,[5.5],-8.4
P06654,I6T,84.3,[5.2],-13.6
P06654,I6N,84.3,[5.2],-13.2
P06654,G9P,84.3,[5.5],-17.0
P06654,A48P,84.3,[5.5],-6.8
P06654,A24P,84.3,[5.5],-4.6
P06654,A23P,84.3,[5.5],-1.4
P04164,M69H,94.9,[7.0],-2.0
P04164,M69A,94.9,[7.0],4.0
P02753,W91H,68.9,[7.4],-0.5
P02753,W24Y,68.9,[7.4],-11.0
P02753,W24L,68.9,[7.4],-12.3
P02753,W24F,68.9,[7.4],-12.0
P02753,W105F,68.9,[7.4],-2.2
P02753,R139Q,68.9,[7.4],-12.4
P02751,D7N,62.0,[7.0],8.0
P02751,D7K,62.0,[7.0],7.0
P02640,H41Y,76.0,[7.0],10.6
P02631,P26A,53.6,[7.4],-3.2
P02631,P21A,53.6,[7.4],-3.2
P02417,K12M,77.6,[5.5],7.9
P02417,D23N,77.6,[5.4],-10.0
P02417,D23A,77.6,[5.4],-5.0
P02185,V66A,82.2,[9.6],1.4
P02185,V13A,82.2,[9.6],-1.3
P02185,V114A,82.2,[9.6],-2.9
P02185,T67A,82.2,[9.6],-0.5
P02185,T51A,82.2,[9.6],-2.8
P02185,S117A,82.2,[9.6],-0.5
P02185,P88A,82.2,[9.6],1.1
P02185,L9A,82.2,[9.6],-0.8
P02185,L69V,82.2,[11.0],-0.3
P02185,L69M,82.2,[11.0],0.0
P02185,L69I,82.2,[11.0],-0.1
P02185,L69A,82.2,[11.0],-3.8
P02185,L49I,82.2,[11.0],-2.5
P02185,L29V,82.2,[11.0],-6.0
P02185,L29M,82.2,[11.0],0.3
P02185,L29I,82.2,[11.0],-3.6
P02185,L29A,82.2,[11.0],-8.9
P02185,L149A,82.2,[9.6],-3.2
P02185,L137A,82.2,[9.6],-3.6
P02185,L135V,82.2,[11.0],-8.3
P02185,L135M,82.2,[11.0],-2.5
P02185,L135I,82.2,[11.0],-5.2
P02185,L11A,82.2,[9.6],-0.8
P02185,I28V,82.2,[11.0],0.1
P02185,I28M,82.2,[11.0],-1.7
P02185,I28L,82.2,[11.0],-1.7
P02185,I28A,82.2,[11.0],-4.4
P02185,I142V,82.2,[11.0],-0.3
P02185,I142M,82.2,[11.0],2.6
P02185,I142L,82.2,[11.0],1.8
P02185,I142A,82.2,[9.6],-3.9
P02185,I111M,82.2,[11.0],-3.7
P02185,I111L,82.2,[11.0],-2.0
P02185,I111A,82.2,[11.0],-6.4
P02185,H116A,82.2,[9.6],0.3
P02185,G23A,82.2,[9.6],-2.2
P02185,G129A,82.2,[9.6],2.0
P01053,V70A,74.0,[3.0],-12.7
P01053,V38A,74.0,[3.0],-2.9
P01053,S31G,74.0,[3.5],-4.6
P01053,S31A,74.0,[3.0],-5.8
P01053,P44A,74.0,[4.2],-9.1
P01053,L27A,74.0,[3.0],-15.5
P01053,K43A,74.0,[4.2],-1.3
P01053,I76V,74.0,[3.0],1.4
P01053,I48V,74.0,[3.5],-4.7
P01053,I39V,74.0,[3.5],-6.5
P01053,E45A,74.0,[4.2],-1.4
P01009,Y160W,58.9,[7.8],6.0
P01009,Y160A,58.9,[7.8],-5.0
P01009,W238F,58.9,[7.8],-1.7
P01009,W194F,58.9,[7.8],-0.5
P01009,S330R,58.9,[7.8],-6.0
P01009,K331V,58.9,[7.8],4.0
P01009,K331T,58.9,[7.8],-1.0
P01009,K331I,58.9,[7.8],3.0
P01009,K331F,58.9,[7.8],6.0
P00974,Y35G,78.0,[2.0],-18.0
P00974,Y35A,78.0,[3.0],-16.2
P00974,V34A,78.0,[3.0],0.0
P00974,T11A,78.0,[3.0],-0.3
P00974,R39A,78.0,[3.0],0.0
P00974,R20A,78.0,[3.0],0.0
P00974,R17A,78.0,[3.0],-4.7
P00974,P13A,78.0,[3.0],0.0
P00974,K46A,78.0,[3.0],0.0
P00974,K15A,78.0,[3.0],-4.2
P00974,I19A,78.0,[3.0],-4.8
P00974,I18A,78.0,[3.0],0.2
P00974,G37A,78.0,[3.0],-4.2
P00974,G36S,78.0,[4.6],-4.7
P00974,G36A,78.0,[3.0],-11.7
P00974,G12A,78.0,[3.0],-16.1
P00974,F33A,78.0,[3.0],-16.5
P00974,F22A,78.0,[2.0],-9.0
P00918,K170P,57.1,[7.8],-1.4
P00918,E234P,57.1,[7.8],0.8
P00782,Y217K,58.9,[8.0],2.7
P00782,T22C,58.9,[8.0],-2.5
P00782,S87C,58.9,[8.0],-1.7
P00782,Q206C,58.9,[8.0],4.7
P00782,N76D,58.9,[8.0],1.7
P00782,N218S,58.9,[8.0],3.2
P00782,N218A,58.9,[8.0],-3.3
P00782,M50F,58.9,[8.0],1.8
P00782,G169A,58.9,[8.0],1.1
P00720,W138Y,65.1,[2.0],-4.6
P00720,V94A,65.1,[3.0],-5.0
P00720,V87T,65.1,[3.0],-4.6
P00720,V87M,65.1,[5.4],-6.3
P00720,V87I,65.1,[5.4],-0.8
P00720,V87A,65.1,[5.4],-4.3
P00720,V75T,65.1,[3.0],-3.7
P00720,V71A,65.1,[3.0],-4.7
P00720,V149T,65.1,[5.4],-8.3
P00720,V149S,65.1,[5.4],-13.2
P00720,V149M,65.1,[5.4],-7.8
P00720,V149I,65.1,[5.4],-0.2
P00720,V149G,65.1,[5.4],-15.3
P00720,V149C,65.1,[5.4],-5.5
P00720,V149C,65.1,[3.0],-5.1
P00720,V149A,65.1,[5.4],-9.0
P00720,V131T,65.1,[2.8],-0.2
P00720,V131S,65.1,[3.0],-0.1
P00720,V131M,65.1,[3.0],0.3
P00720,V131L,65.1,[3.0],0.2
P00720,V131I,65.1,[3.0],0.4
P00720,V131G,65.1,[3.0],-1.8
P00720,V131E,65.1,[3.0],0.5
P00720,V131D,65.1,[3.0],0.2
P00720,V131A,65.1,[5.4],0.9
P00720,V111M,65.1,[5.4],-2.0
P00720,V111I,65.1,[5.7],-2.6
P00720,V111F,65.1,[5.7],-4.6
P00720,V111A,65.1,[5.4],-2.9
P00720,V103M,65.1,[5.4],-3.1
P00720,V103I,65.1,[5.4],-1.5
P00720,V103A,65.1,[5.4],-4.4
P00720,T59V,65.1,[6.5],-4.0
P00720,T59S,65.1,[6.5],-0.4
P00720,T59N,65.1,[6.5],-2.6
P00720,T59G,65.1,[6.5],-4.1
P00720,T59D,65.1,[6.5],-3.1
P00720,T59A,65.1,[6.5],-4.0
P00720,T26S,65.1,[6.8],1.4
P00720,T26Q,65.1,[5.3],-0.9
P00720,T157V,65.1,[2.0],-6.0
P00720,T157S,65.1,[2.0],-2.5
P00720,T157R,65.1,[2.0],-5.1
P00720,T157N,65.1,[2.0],-1.7
P00720,T157L,65.1,[2.0],-5.0
P00720,T157I,65.1,[3.0],-11.0
P00720,T157H,65.1,[2.0],-7.9
P00720,T157G,65.1,[2.0],-4.2
P00720,T157F,65.1,[2.0],-9.2
P00720,T157E,65.1,[2.0],-5.8
P00720,T157D,65.1,[2.0],-4.2
P00720,T157C,65.1,[2.0],-4.9
P00720,T157A,65.1,[2.0],-5.4
P00720,T152V,65.1,[5.4],0.8
P00720,T152S,65.1,[5.4],-5.5
P00720,T152S,65.1,[3.0],-6.6
P00720,T152I,65.1,[5.4],-1.0
P00720,T152C,65.1,[5.4],-1.4
P00720,T152A,65.1,[5.4],-4.0
P00720,T151S,65.1,[6.8],1.0
P00720,T142C,65.1,[2.4],-0.5
P00720,T115E,65.1,[6.5],0.7
P00720,T115A,65.1,[3.0],-0.4
P00720,T109N,65.1,[6.7],0.3
P00720,T109D,65.1,[6.7],1.5
P00720,S90H,65.1,[6.5],-2.9
P00720,S44Y,65.1,[3.0],0.5
P00720,S44W,65.1,[3.0],0.2
P00720,S44V,65.1,[3.0],0.3
P00720,S44T,65.1,[3.0],0.0
P00720,S44R,65.1,[3.0],0.7
P00720,S44Q,65.1,[3.0],0.8
P00720,S44P,65.1,[3.0],-10.3
P00720,S44N,65.1,[3.0],-0.4
P00720,S44M,65.1,[3.0],0.9
P00720,S44L,65.1,[3.0],1.1
P00720,S44K,65.1,[3.0],0.6
P00720,S44I,65.1,[3.0],0.9
P00720,S44H,65.1,[3.0],0.1
P00720,S44G,65.1,[3.0],-1.6
P00720,S44F,65.1,[3.0],0.2
P00720,S44E,65.1,[3.0],0.0
P00720,S44D,65.1,[3.0],-0.3
P00720,S44C,65.1,[3.0],-0.4
P00720,S44A,65.1,[6.7],1.0
P00720,S44A,65.1,[2.5],1.6
P00720,S38N,65.1,[6.7],-0.1
P00720,S38D,65.1,[6.9],1.5
P00720,S38A,65.1,[3.0],-2.0
P00720,S117V,65.1,[5.4],5.1
P00720,S117I,65.1,[5.4],4.2
P00720,S117F,65.1,[5.4],2.8
P00720,S117F,65.1,[5.4],2.8
P00720,S117A,65.1,[3.0],3.6
P00720,R96H,65.1,[6.5],-7.0
P00720,R96C,65.1,[2.4],-8.7
P00720,R80K,65.1,[6.8],-0.3
P00720,R154E,65.1,[5.3],-2.6
P00720,R14K,65.1,[6.8],-0.5
P00720,R119M,65.1,[5.7],0.3
P00720,R119H,65.1,[6.8],-0.8
P00720,R119E,65.1,[5.3],0.1
P00720,R119C,65.1,[2.4],-3.0
P00720,R119A,65.1,[3.0],-0.5
P00720,Q69P,65.1,[6.5],-7.6
P00720,Q123E,65.1,[6.5],1.2
P00720,Q123A,65.1,[3.0],-0.6
P00720,Q122A,65.1,[3.0],-0.7
P00720,Q105M,65.1,[5.4],-2.7
P00720,Q105G,65.1,[5.8],-3.9
P00720,Q105E,65.1,[5.8],-3.0
P00720,Q105A,65.1,[5.8],-1.6
P00720,P86T,65.1,[2.0],-1.0
P00720,P86S,65.1,[6.0],-1.0
P00720,P86R,65.1,[6.0],-3.0
P00720,P86L,65.1,[2.0],-2.0
P00720,P86I,65.1,[2.0],-2.0
P00720,P86H,65.1,[6.0],-4.0
P00720,P86G,65.1,[4.0],-1.0
P00720,P86D,65.1,[6.0],-1.0
P00720,P86C,65.1,[2.0],-1.0
P00720,P86A,65.1,[2.0],-1.7
P00720,P37A,65.1,[2.0],-0.8
P00720,P143A,65.1,[2.0],-5.0
P00720,N68A,65.1,[2.5],0.2
P00720,N55G,65.1,[6.5],-1.6
P00720,N55C,65.1,[2.4],-3.6
P00720,N40D,65.1,[6.8],1.3
P00720,N40A,65.1,[6.7],0.9
P00720,N144H,65.1,[6.7],0.7
P00720,N144E,65.1,[6.5],1.5
P00720,N144D,65.1,[5.7],1.4
P00720,N132M,65.1,[5.4],3.6
P00720,N132I,65.1,[5.4],3.0
P00720,N132F,65.1,[5.4],3.3
P00720,N116D,65.1,[5.7],1.6
P00720,N116A,65.1,[3.0],0.5
P00720,N101A,65.1,[5.4],-3.7
P00720,M6L,65.1,[3.0],-10.6
P00720,M6I,65.1,[6.0],-3.4
P00720,M6A,65.1,[5.4],-4.5
P00720,M120Y,65.1,[5.4],-0.1
P00720,M120L,65.1,[3.0],1.7
P00720,M120K,65.1,[3.0],-4.8
P00720,M120A,65.1,[3.0],-0.6
P00720,M106L,65.1,[3.0],1.7
P00720,M106K,65.1,[3.0],-10.5
P00720,M106I,65.1,[5.4],0.6
P00720,M106A,65.1,[5.4],-5.2
P00720,M102V,65.1,[3.0],-12.7
P00720,M102T,65.1,[3.0],-13.0
P00720,M102L,65.1,[5.4],-2.3
P00720,M102A,65.1,[5.4],-8.2
P00720,L99V,65.1,[5.7],-5.2
P00720,L99M,65.1,[5.7],-1.5
P00720,L99I,65.1,[5.7],-3.7
P00720,L99F,65.1,[5.7],-0.7
P00720,L99A,65.1,[5.7],-11.4
P00720,L91M,65.1,[5.4],-2.0
P00720,L91A,65.1,[5.4],-7.4
P00720,L84M,65.1,[5.4],-4.9
P00720,L84A,65.1,[5.4],-10.5
P00720,L7A,65.1,[5.4],-6.3
P00720,L79C,65.1,[2.4],-5.1
P00720,L66M,65.1,[5.4],-2.7
P00720,L66A,65.1,[5.4],-10.1
P00720,L46A,65.1,[6.7],-6.4
P00720,L39P,65.1,[2.0],-5.5
P00720,L39A,65.1,[5.5],-2.5
P00720,L33M,65.1,[5.4],-5.3
P00720,L33A,65.1,[5.4],-8.8
P00720,L133M,65.1,[5.4],-1.0
P00720,L133F,65.1,[5.4],-0.7
P00720,L133F,65.1,[2.9],-0.8
P00720,L133D,65.1,[6.5],-17.9
P00720,L133A,65.1,[3.0],-10.6
P00720,L121M,65.1,[5.4],-2.1
P00720,L121A,65.1,[5.4],-6.2
P00720,L118M,65.1,[5.4],-1.8
P00720,L118I,65.1,[5.4],-3.1
P00720,L118A,65.1,[5.4],-9.0
P00720,K83H,65.1,[6.5],-1.0
P00720,K60P,65.1,[6.5],-0.1
P00720,K60H,65.1,[6.5],-0.4
P00720,K48A,65.1,[6.7],-1.7
P00720,K43A,65.1,[6.7],-3.1
P00720,K16E,65.1,[5.3],1.1
P00720,K147E,65.1,[5.3],-1.6
P00720,K135E,65.1,[5.3],-2.3
P00720,K135C,65.1,[2.4],-2.6
P00720,K124G,65.1,[6.5],-0.2
P00720,I78V,65.1,[5.4],-2.1
P00720,I78M,65.1,[5.4],-3.7
P00720,I78A,65.1,[5.4],-3.5
P00720,I58T,65.1,[5.4],-10.1
P00720,I58A,65.1,[3.0],-10.4
P00720,I50M,65.1,[5.4],-0.6
P00720,I50A,65.1,[5.4],-4.2
P00720,I3Y,65.1,[6.5],-5.9
P00720,I3W,65.1,[6.5],-8.0
P00720,I3V,65.1,[6.5],-1.2
P00720,I3T,65.1,[6.5],-6.0
P00720,I3S,65.1,[6.5],-4.6
P00720,I3P,65.1,[3.0],-6.4
P00720,I3M,65.1,[6.5],-2.3
P00720,I3L,65.1,[6.5],0.9
P00720,I3G,65.1,[6.5],-5.8
P00720,I3F,65.1,[6.5],-3.0
P00720,I3E,65.1,[6.5],-5.7
P00720,I3D,65.1,[6.5],-8.5
P00720,I3C,65.1,[6.5],1.7
P00720,I3A,65.1,[6.5],-1.8
P00720,I29A,65.1,[3.0],-8.2
P00720,I27M,65.1,[5.4],-10.1
P00720,I27A,65.1,[3.0],-10.1
P00720,I17M,65.1,[5.4],-5.9
P00720,I17A,65.1,[5.4],-6.4
P00720,I100V,65.1,[5.4],-1.1
P00720,I100M,65.1,[5.4],-4.5
P00720,I100A,65.1,[5.4],-7.1
P00720,H31N,65.1,[5.5],-11.0
P00720,G77A,65.1,[6.5],0.9
P00720,G30F,65.1,[5.4],-4.9
P00720,G30A,65.1,[5.4],0.1
P00720,G28A,65.1,[3.0],-5.1
P00720,G156D,65.1,[3.0],-5.0
P00720,G113E,65.1,[6.8],1.0
P00720,G113A,65.1,[6.5],0.8
P00720,F67A,65.1,[3.0],-5.7
P00720,F153V,65.1,[5.7],-4.5
P00720,F153M,65.1,[5.4],-1.6
P00720,F153L,65.1,[5.7],0.8
P00720,F153I,65.1,[5.7],-0.5
P00720,F153A,65.1,[5.4],-9.3
P00720,F104M,65.1,[5.4],-0.8
P00720,F104A,65.1,[5.4],-7.5
P00720,E45A,65.1,[6.7],0.0
P00720,E22K,65.1,[6.8],1.6
P00720,E128K,65.1,[3.0],-5.3
P00720,E128A,65.1,[2.0],0.6
P00720,E11N,65.1,[5.4],-0.6
P00720,E11M,65.1,[5.4],4.1
P00720,E11H,65.1,[5.4],0.1
P00720,E11F,65.1,[5.4],4.3
P00720,E11A,65.1,[5.4],2.6
P00720,E108V,65.1,[5.4],2.4
P00720,D92N,65.1,[6.7],-3.7
P00720,D72P,65.1,[6.5],-7.1
P00720,D70N,65.1,[5.5],-11.0
P00720,D47A,65.1,[6.7],-2.8
P00720,D20T,65.1,[5.4],2.2
P00720,D20S,65.1,[5.4],1.6
P00720,D20N,65.1,[5.4],3.1
P00720,D20A,65.1,[5.4],-0.8
P00720,C54V,65.1,[6.5],-2.0
P00720,C54T,65.1,[6.5],1.0
P00720,A98V,65.1,[3.0],-9.2
P00720,A98V,65.1,[3.0],-13.0
P00720,A98S,65.1,[3.0],-7.5
P00720,A98M,65.1,[3.0],-9.3
P00720,A98C,65.1,[3.0],-2.6
P00720,A93T,65.1,[6.8],0.2
P00720,A93S,65.1,[3.0],-0.5
P00720,A93P,65.1,[6.5],0.2
P00720,A82S,65.1,[3.0],-1.0
P00720,A82P,65.1,[6.5],2.1
P00720,A74P,65.1,[6.5],-12.1
P00720,A73S,65.1,[3.0],-1.3
P00720,A49S,65.1,[3.0],-1.5
P00720,A42V,65.1,[3.0],-7.5
P00720,A42S,65.1,[3.0],-7.5
P00720,A42L,65.1,[3.0],-10.1
P00720,A42K,65.1,[5.5],-11.0
P00720,A42I,65.1,[3.0],-8.9
P00720,A42F,65.1,[3.0],-11.2
P00720,A41V,65.1,[5.4],0.7
P00720,A41S,65.1,[3.0],-1.8
P00720,A41D,65.1,[6.8],1.1
P00720,A160T,65.1,[6.0],-5.5
P00720,A146T,65.1,[6.5],-7.1
P00720,A146C,65.1,[2.4],-4.1
P00720,A134S,65.1,[3.0],-0.4
P00720,A130S,65.1,[3.0],-2.9
P00720,A129W,65.1,[3.0],-5.1
P00720,A129V,65.1,[2.9],-1.9
P00720,A129M,65.1,[5.4],-5.2
P00720,A129L,65.1,[3.0],-2.9
P00720,A129F,65.1,[3.0],-2.3
P00698,T40S,74.0,[6.4],-0.7
P00698,T40I,74.0,[6.4],-5.8
P00698,S91Y,74.0,[6.4],-8.1
P00698,S91V,74.0,[6.4],-0.2
P00698,S91T,74.0,[6.4],2.6
P00698,S91D,74.0,[6.4],-6.1
P00698,S91A,74.0,[6.4],-0.4
P00698,R73K,74.0,[6.4],0.6
P00698,R68K,74.0,[6.4],-0.1
P00698,R21Q,74.0,[6.4],-0.4
P00698,R114H,74.0,[6.4],1.8
P00698,Q121H,74.0,[6.4],-1.2
P00698,N77H,74.0,[6.4],-1.0
P00698,N19K,74.0,[6.4],-2.8
P00698,M12L,74.0,[2.7],-1.8
P00698,M12F,74.0,[2.7],0.8
P00698,I55V,74.0,[6.4],-2.4
P00698,I55T,74.0,[6.4],-13.1
P00698,I55M,74.0,[6.4],-6.0
P00698,I55L,74.0,[6.4],-1.2
P00698,I55F,74.0,[6.4],-6.5
P00698,I55A,74.0,[6.4],-11.6
P00698,H15L,74.0,[6.4],2.0
P00698,G71A,74.0,[2.7],-1.2
P00698,G67A,74.0,[2.7],-2.9
P00698,G49A,74.0,[2.7],-5.7
P00698,G117A,74.0,[2.7],-4.6
P00698,G102V,74.0,[6.4],-0.1
P00698,G102R,74.0,[6.4],1.0
P00698,G102A,74.0,[2.7],0.0
P00698,F3Y,74.0,[6.4],-1.2
P00698,F34Y,74.0,[6.4],0.5
P00698,D101S,74.0,[6.4],2.3
P00698,D101R,74.0,[6.4],0.7
P00698,D101Q,74.0,[6.4],-0.2
P00698,D101N,74.0,[6.4],0.1
P00698,D101K,74.0,[6.4],0.5
P00698,D101G,74.0,[6.4],1.2
P00698,D101F,74.0,[6.4],1.9
P00698,D101E,74.0,[6.4],0.0
P00698,D101A,74.0,[6.4],2.0
P00698,A31V,74.0,[6.4],3.1
P00698,A31L,74.0,[6.4],4.7
P00698,A31I,74.0,[6.4],3.6
P00644,Y93F,53.1,[7.0],-7.2
P00644,Y91L,53.1,[7.0],-13.9
P00644,Y91F,53.1,[7.0],-6.8
P00644,Y85L,53.1,[7.0],-0.7
P00644,Y85F,53.1,[7.0],-0.5
P00644,Y54L,53.1,[7.0],-12.2
P00644,Y54F,53.1,[7.0],-1.0
P00644,Y27F,53.1,[7.0],-3.0
P00644,Y115L,53.1,[7.0],-0.6
P00644,Y115F,53.1,[7.0],0.2
P00644,Y113L,53.1,[7.0],-0.1
P00644,Y113F,53.1,[7.0],0.3
P00644,V99T,53.1,[7.0],-14.6
P00644,V74T,53.1,[7.0],-17.6
P00644,V66W,53.1,[7.0],-7.8
P00644,V66T,53.1,[7.0],-6.0
P00644,V66S,53.1,[7.0],-13.4
P00644,V66L,53.1,[7.0],3.9
P00644,V66A,53.1,[7.0],-11.9
P00644,V51T,53.1,[7.0],-0.3
P00644,V51S,53.1,[7.0],0.0
P00644,V39T,53.1,[7.0],-6.8
P00644,V39S,53.1,[7.0],-10.8
P00644,V23T,53.1,[7.0],-14.4
P00644,V23F,53.1,[7.0],-6.3
P00644,V23A,53.1,[7.0],-12.5
P00644,V114T,53.1,[7.0],-0.4
P00644,V114S,53.1,[7.0],0.0
P00644,V111T,53.1,[7.0],-10.2
P00644,V104T,53.1,[7.0],-9.9
P00644,T82V,53.1,[7.0],1.1
P00644,T82S,53.1,[7.0],-3.0
P00644,T82I,53.1,[7.0],1.2
P00644,T82C,53.1,[7.0],-1.9
P00644,T62V,53.1,[7.0],1.6
P00644,T62S,53.1,[7.0],-8.7
P00644,T62Q,53.1,[7.0],-12.9
P00644,T62N,53.1,[7.0],-16.3
P00644,T62M,53.1,[7.0],-1.8
P00644,T62L,53.1,[7.0],-4.9
P00644,T62K,53.1,[7.0],-17.9
P00644,T62I,53.1,[7.0],-2.7
P00644,T62H,53.1,[7.0],-8.1
P00644,T62G,53.1,[7.0],-15.9
P00644,T62F,53.1,[7.0],0.0
P00644,T62C,53.1,[7.0],-4.1
P00644,T62A,53.1,[7.0],-7.6
P00644,T44V,53.1,[7.0],0.2
P00644,T44S,53.1,[7.0],-0.1
P00644,T44I,53.1,[7.0],-3.8
P00644,T44C,53.1,[7.0],0.1
P00644,T41V,53.1,[7.0],3.5
P00644,T41S,53.1,[7.0],-2.8
P00644,T41I,53.1,[7.0],4.0
P00644,T41C,53.1,[7.0],2.1
P00644,T33V,53.1,[7.0],1.8
P00644,T33S,53.1,[7.0],-4.8
P00644,T33I,53.1,[7.0],1.7
P00644,T33C,53.1,[7.0],-3.0
P00644,T22V,53.1,[7.0],-2.7
P00644,T22S,53.1,[7.0],-2.2
P00644,T22I,53.1,[7.0],-3.3
P00644,T22C,53.1,[7.0],-2.8
P00644,T13V,53.1,[7.0],-1.1
P00644,T13S,53.1,[7.0],-1.1
P00644,T13C,53.1,[7.0],-3.4
P00644,T120V,53.1,[7.0],-5.1
P00644,T120S,53.1,[7.0],-2.0
P00644,T120I,53.1,[7.0],-4.8
P00644,T120C,53.1,[7.0],-5.5
P00644,S59A,53.1,[7.0],2.9
P00644,S128F,53.1,[7.0],-3.6
P00644,S128A,53.1,[7.0],4.0
P00644,R105F,53.1,[7.0],-15.1
P00644,R105C,53.1,[7.0],-11.1
P00644,Q80F,53.1,[7.0],-1.5
P00644,Q123F,53.1,[7.0],-1.3
P00644,P47F,53.1,[7.0],-0.6
P00644,P117T,53.1,[7.2],0.6
P00644,P117G,53.1,[7.0],5.0
P00644,M65F,53.1,[7.0],-5.8
P00644,M32L,53.1,[7.0],-3.2
P00644,M32I,53.1,[7.0],-2.3
P00644,L89F,53.1,[5.4],-7.5
P00644,L25A,53.1,[7.0],-11.5
P00644,K84F,53.1,[7.0],-3.0
P00644,K78F,53.1,[7.0],-0.5
P00644,K78C,53.1,[7.0],0.4
P00644,K70F,53.1,[7.0],0.0
P00644,K70C,53.1,[7.0],-2.8
P00644,K49F,53.1,[7.0],-1.0
P00644,K48F,53.1,[7.0],0.0
P00644,K28F,53.1,[7.0],-4.2
P00644,K24G,53.1,[7.0],-6.2
P00644,K134F,53.1,[7.0],-1.7
P00644,K134C,53.1,[7.0],-2.9
P00644,K127F,53.1,[7.0],-0.9
P00644,K116G,53.1,[7.2],3.8
P00644,K116F,53.1,[7.0],0.4
P00644,I18M,53.1,[5.4],-2.1
P00644,H46Y,53.1,[5.4],-0.6
P00644,H124L,53.1,[7.0],5.3
P00644,G96F,53.1,[7.0],-11.0
P00644,G88V,53.1,[7.0],2.9
P00644,G86F,53.1,[7.0],-8.8
P00644,G79S,53.1,[7.0],-7.9
P00644,G50F,53.1,[7.0],-2.5
P00644,G50C,53.1,[7.0],-2.6
P00644,G29F,53.1,[7.0],-5.9
P00644,G29C,53.1,[7.0],-4.6
P00644,E75G,53.1,[7.0],-16.1
P00644,E75A,53.1,[7.0],-5.6
P00644,E73G,53.1,[7.0],-15.2
P00644,E73F,53.1,[7.0],-4.8
P00644,E57G,53.1,[7.0],-1.7
P00644,E57F,53.1,[7.0],-0.9
P00644,E57C,53.1,[7.0],-0.9
P00644,E52F,53.1,[7.0],-0.3
P00644,E122F,53.1,[7.0],-0.6
P00644,E101F,53.1,[7.0],-14.2
P00644,D77G,53.1,[7.0],-8.1
P00644,D21N,53.1,[7.0],7.2
P00644,D21K,53.1,[7.0],7.9
P00644,D19F,53.1,[7.0],-4.6
P00644,A90S,53.1,[7.0],-10.7
P00644,A69T,53.1,[7.0],-13.6
P00644,A60C,53.1,[7.0],-3.6
P00644,A112F,53.1,[7.0],-6.7
P00644,A112C,53.1,[7.0],-2.8
P00268,V24I,107.0,[9.1],2.5
P00268,I33L,107.0,[9.1],4.8
P00183,T101V,55.2,[7.4],-2.1
P00171,V61Y,70.8,[7.0],-4.7
P00171,V61K,70.8,[7.0],-8.7
P00171,V61H,70.8,[7.0],-5.9
P00171,V61E,70.8,[7.0],-4.0
P00171,V45Y,70.8,[7.0],-5.9
P00171,V45H,70.8,[7.0],-5.3
P00171,V45E,70.8,[7.0],-9.3
P00171,F35Y,70.8,[7.0],0.6
P00171,F35L,70.8,[7.0],-7.5
P00171,F35H,70.8,[7.0],-12.5
P00099,Y27F,55.5,[7.0],4.4
P00099,V78I,55.5,[5.0],8.4
P00099,V13M,55.5,[5.0],3.2
P00099,Q37R,55.5,[5.0],4.3
P00099,F7A,55.5,[5.0],9.5
P00099,F34Y,55.5,[5.0],16.0
P00099,E43Y,55.5,[5.0],5.1
P00045,N52I,65.9,[6.0],7.9
P00044,Y97F,58.0,[4.6],1.0
P00044,V20C,58.0,[4.6],1.1
P00044,T96A,58.0,[6.0],4.3
P00044,T69E,58.0,[6.0],5.2
P00044,P76Y,58.0,[4.6],-6.8
P00044,P76W,58.0,[4.6],-6.5
P00044,P76V,58.0,[4.6],-5.2
P00044,P76S,58.0,[4.6],-5.7
P00044,P76R,58.0,[4.6],-4.9
P00044,P76L,58.0,[4.6],-4.9
P00044,P76G,58.0,[4.6],-5.0
P00044,L94V,58.0,[4.6],-4.0
P00044,L94T,58.0,[4.6],-13.9
P00044,L94I,58.0,[4.6],1.3
P00044,L94A,58.0,[4.6],-16.2
P00044,L85A,58.0,[6.0],-13.7
P00044,K73W,58.0,[5.0],-5.1
P00044,K73V,58.0,[5.0],-3.2
P00044,K73I,58.0,[5.0],-5.0
P00044,F82Y,58.0,[6.0],-4.2
P00044,F10Y,58.0,[4.6],-1.9
P00044,F10W,58.0,[4.6],-5.2
P00044,F10M,58.0,[4.6],-15.2
P00044,F10I,58.0,[4.6],-4.3
P00044,C102T,58.0,[6.0],5.6
P00044,C102S,58.0,[6.0],11.3
P00044,C102A,58.0,[6.0],7.6
P00044,A7Y,58.0,[2.1],1.8
P00044,A7L,58.0,[2.1],0.8
O74035,L92A,84.8,[9.0],-5.6
O74035,L33A,84.8,[9.0],-11.9
O74035,L147A,84.8,[9.0],-5.2
O74035,L118A,84.8,[9.0],-13.7
O74035,I6A,84.8,[9.0],-5.2
O74035,I56A,84.8,[9.0],-8.7
O74035,I20A,84.8,[9.0],-8.4
O74035,I15A,84.8,[9.0],-2.2
O74035,I102A,84.8,[9.0],-10.7
O74035,E8Q,84.8,[9.0],0.7
O74035,E8A,84.8,[9.0],8.0
O74035,D7N,84.8,[9.0],3.1
O74035,D135A,84.8,[9.0],5.2
O74035,D105A,84.8,[9.0],4.2
O68541,V334A,66.6,[7.5],-2.0
O68541,D348G,66.6,[7.5],-4.5
D4Z2G1,V106L,51.0,[7.5],-0.5
D4Z2G1,V105I,51.0,[7.5],-1.0
D4Z2G1,V103I,51.0,[7.5],0.0
D4Z2G1,T264Q,51.0,[7.5],0.0
D4Z2G1,T264L,51.0,[7.5],0.5
D4Z2G1,T264H,51.0,[7.5],0.0
D4Z2G1,S42A,51.0,[7.5],-1.5
D4Z2G1,S41Q,51.0,[7.5],-2.0
D4Z2G1,S183D,51.0,[7.5],-1.5
D4Z2G1,R86L,51.0,[7.5],-2.0
D4Z2G1,R254L,51.0,[7.5],-2.0
D4Z2G1,R225L,51.0,[7.5],0.0
D4Z2G1,R20L,51.0,[7.5],-1.0
D4Z2G1,R101H,51.0,[7.5],0.0
D4Z2G1,Q35V,51.0,[7.5],-2.5
D4Z2G1,Q35L,51.0,[7.5],-2.5
D4Z2G1,Q35I,51.0,[7.5],-0.5
D4Z2G1,Q275P,51.0,[7.5],-2.0
D4Z2G1,P279A,51.0,[7.5],-2.0
D4Z2G1,L3S,51.0,[7.5],-0.5
D4Z2G1,K6E,51.0,[7.5],0.0
D4Z2G1,G229T,51.0,[7.5],0.0
D4Z2G1,G229S,51.0,[7.5],0.5
D4Z2G1,G229R,51.0,[7.5],0.0
D4Z2G1,G229Q,51.0,[7.5],2.5
D4Z2G1,G229N,51.0,[7.5],0.0
D4Z2G1,G229H,51.0,[7.5],0.5
D4Z2G1,G229E,51.0,[7.5],0.0
D4Z2G1,G229D,51.0,[7.5],0.0
D4Z2G1,G229A,51.0,[7.5],0.0
D4Z2G1,G176N,51.0,[7.5],-0.5
D4Z2G1,G176A,51.0,[7.5],0.0
D4Z2G1,G114A,51.0,[7.5],-1.5
D4Z2G1,Fault,51.0,[7.5],0.0
D4Z2G1,E78T,51.0,[7.5],-0.5
D4Z2G1,E26V,51.0,[7.5],0.0
D4Z2G1,E26R,51.0,[7.5],-1.0
D4Z2G1,E26Q,51.0,[7.5],0.0
D4Z2G1,E26I,51.0,[7.5],0.0
D4Z2G1,E26H,51.0,[7.5],-1.5
D4Z2G1,E244V,51.0,[7.5],-1.0
D4Z2G1,E244T,51.0,[7.5],-1.0
D4Z2G1,E244I,51.0,[7.5],-1.5
D4Z2G1,E233T,51.0,[7.5],0.0
D4Z2G1,E233S,51.0,[7.5],0.0
D4Z2G1,E233Q,51.0,[7.5],0.0
D4Z2G1,E233H,51.0,[7.5],0.0
D4Z2G1,E192R,51.0,[7.5],2.0
D4Z2G1,E192L,51.0,[7.5],0.0
D4Z2G1,E192K,51.0,[7.5],2.5
D4Z2G1,E15T,51.0,[7.5],1.0
D4Z2G1,E123S,51.0,[7.5],-0.5
D4Z2G1,D97R,51.0,[7.5],0.0
D4Z2G1,D97N,51.0,[7.5],-1.0
D4Z2G1,D97K,51.0,[7.5],-0.5
D4Z2G1,D87L,51.0,[7.5],0.5
D4Z2G1,D87K,51.0,[7.5],-1.0
D4Z2G1,D68N,51.0,[7.5],-0.5
D4Z2G1,D68L,51.0,[7.5],-1.5
D4Z2G1,D68H,51.0,[7.5],0.5
D4Z2G1,D30V,51.0,[7.5],-2.0
D4Z2G1,D30H,51.0,[7.5],0.0
D4Z2G1,D30E,51.0,[7.5],0.0
D4Z2G1,D30A,51.0,[7.5],0.0
D4Z2G1,D255Q,51.0,[7.5],0.5
D4Z2G1,D255K,51.0,[7.5],0.5
D4Z2G1,D255A,51.0,[7.5],1.5
D4Z2G1,D226K,51.0,[7.5],-1.0
D4Z2G1,D219Q,51.0,[7.5],-1.5
D4Z2G1,D166N,51.0,[7.5],1.5
D4Z2G1,D166K,51.0,[7.5],2.0
D4Z2G1,D100T,51.0,[7.5],0.0
D4Z2G1,C61P,51.0,[7.5],-0.5
D4Z2G1,C257A,51.0,[7.5],-1.5
D4Z2G1,A95H,51.0,[7.5],-0.5
D4Z2G1,A83N,51.0,[7.5],-1.0
D4Z2G1,A83L,51.0,[7.5],0.5
D4Z2G1,A81P,51.0,[7.5],-3.0
D4Z2G1,A81N,51.0,[7.5],0.0
D4Z2G1,A81K,51.0,[7.5],1.0
D4Z2G1,A81E,51.0,[7.5],-3.0
D4Z2G1,A5L,51.0,[7.5],-1.0
D4Z2G1,A5E,51.0,[7.5],0.5
D4Z2G1,A53L,51.0,[7.5],1.0
D4Z2G1,A53K,51.0,[7.5],0.0
D4Z2G1,A296R,51.0,[7.5],0.5
D4Z2G1,A296H,51.0,[7.5],0.0
D4Z2G1,A269P,51.0,[7.5],0.0
D4Z2G1,A218P,51.0,[7.5],0.0
D4Z2G1,A218E,51.0,[7.5],-0.5
D4Z2G1,A214G,51.0,[7.5],0.0
D4Z2G1,A200P,51.0,[7.5],-1.0
D4Z2G1,A197P,51.0,[7.5],1.0
D4Z2G1,A189Y,51.0,[7.5],0.0
D4Z2G1,A189F,51.0,[7.5],0.0
D4Z2G1,A185P,51.0,[7.5],-1.0
D4Z2G1,A153L,51.0,[7.5],-0.5
D4Z2G1,A153K,51.0,[7.5],-0.5
D4Z2G1,A129V,51.0,[7.5],-1.5
A8PUY1,N277V,54.6,[6.0],-13.5
A8PUY1,N277L,54.6,[6.0],-12.0
A8PUY1,N277F,54.6,[6.0],-16.3
A8PUY1,N277D,54.6,[6.0],2.0
